,zipcode,salesforceurl,googleplexurl,stanfordurl,incomebyzipcodeurl,walkscoreurl,traveltimetostanford,traveltimetogoogleplex,traveltimetosf,medianhouseholdincome,averagehouseholdincome,percapitaincome,highincomehouseholds,walk,bike,transit,failedwalkscores,conveniencescore,shortest_travel
0,94103,"https://www.google.com/maps/dir/94103/Salesforce+Tower,+415+Mission+St,+San+Francisco,+CA+94105/","https://www.google.com/maps/dir/94103/Googleplex,+1600+Amphitheatre+Pkwy,+Mountain+View,+CA+94043/","https://www.google.com/maps/dir/94103/Stanford+University,+450+Serra+Mall,+Stanford,+CA+94305/",https://www.incomebyzipcode.com/california/94103,https://www.walkscore.com/CA/94103,31,32,10,57015,114448,61694,16,97,100,96,,100,10
1,94107,"https://www.google.com/maps/dir/94107/Salesforce+Tower,+415+Mission+St,+San+Francisco,+CA+94105/","https://www.google.com/maps/dir/94107/Googleplex,+1600+Amphitheatre+Pkwy,+Mountain+View,+CA+94043/","https://www.google.com/maps/dir/94107/Stanford+University,+450+Serra+Mall,+Stanford,+CA+94305/",https://www.incomebyzipcode.com/california/94107,https://www.walkscore.com/CA/94107,32,32,10,150451,193007,93088,38,96,73,65,,96,10
2,94117,"https://www.google.com/maps/dir/94117/Salesforce+Tower,+415+Mission+St,+San+Francisco,+CA+94105/","https://www.google.com/maps/dir/94117/Googleplex,+1600+Amphitheatre+Pkwy,+Mountain+View,+CA+94043/","https://www.google.com/maps/dir/94117/Stanford+University,+450+Serra+Mall,+Stanford,+CA+94305/",https://www.incomebyzipcode.com/california/94117,https://www.walkscore.com/CA/94117,35,35,14,152071,201503,86117,35,96,84,74,,96,14
3,94112,"https://www.google.com/maps/dir/94112/Salesforce+Tower,+415+Mission+St,+San+Francisco,+CA+94105/","https://www.google.com/maps/dir/94112/Googleplex,+1600+Amphitheatre+Pkwy,+Mountain+View,+CA+94043/","https://www.google.com/maps/dir/94112/Stanford+University,+450+Serra+Mall,+Stanford,+CA+94305/",https://www.incomebyzipcode.com/california/94112,https://www.walkscore.com/CA/94112,29,32,13,89355,115728,34344,15,95,71,73,,95,13
4,94115,"https://www.google.com/maps/dir/94115/Salesforce+Tower,+415+Mission+St,+San+Francisco,+CA+94105/","https://www.google.com/maps/dir/94115/Googleplex,+1600+Amphitheatre+Pkwy,+Mountain+View,+CA+94043/","https://www.google.com/maps/dir/94115/Stanford+University,+450+Serra+Mall,+Stanford,+CA+94305/",https://www.incomebyzipcode.com/california/94115,https://www.walkscore.com/CA/94115,38,38,11,114819,163371,83646,27,98,82,87,,98,11
5,94110,"https://www.google.com/maps/dir/94110/Salesforce+Tower,+415+Mission+St,+San+Francisco,+CA+94105/","https://www.google.com/maps/dir/94110/Googleplex,+1600+Amphitheatre+Pkwy,+Mountain+View,+CA+94043/","https://www.google.com/maps/dir/94110/Stanford+University,+450+Serra+Mall,+Stanford,+CA+94305/",https://www.incomebyzipcode.com/california/94110,https://www.walkscore.com/CA/94110,32,32,12,123576,166302,65610,31,99,85,99,,99,12
6,94108,"https://www.google.com/maps/dir/94108/Salesforce+Tower,+415+Mission+St,+San+Francisco,+CA+94105/","https://www.google.com/maps/dir/94108/Googleplex,+1600+Amphitheatre+Pkwy,+Mountain+View,+CA+94043/","https://www.google.com/maps/dir/94108/Stanford+University,+450+Serra+Mall,+Stanford,+CA+94305/",https://www.incomebyzipcode.com/california/94108,https://www.walkscore.com/CA/94108,40,40,7,62173,100377,55302,11,100,92,62,,100,7
7,94114,"https://www.google.com/maps/dir/94114/Salesforce+Tower,+415+Mission+St,+San+Francisco,+CA+94105/","https://www.google.com/maps/dir/94114/Googleplex,+1600+Amphitheatre+Pkwy,+Mountain+View,+CA+94043/","https://www.google.com/maps/dir/94114/Stanford+University,+450+Serra+Mall,+Stanford,+CA+94305/",https://www.incomebyzipcode.com/california/94114,https://www.walkscore.com/CA/94114,35,36,17,155551,211933,105246,39,95,88,61,,95,17
8,94122,"https://www.google.com/maps/dir/94122/Salesforce+Tower,+415+Mission+St,+San+Francisco,+CA+94105/","https://www.google.com/maps/dir/94122/Googleplex,+1600+Amphitheatre+Pkwy,+Mountain+View,+CA+94043/","https://www.google.com/maps/dir/94122/Stanford+University,+450+Serra+Mall,+Stanford,+CA+94305/",https://www.incomebyzipcode.com/california/94122,https://www.walkscore.com/CA/94122,33,36,20,109607,139357,54038,22,84,72,59,,84,20
9,94105,"https://www.google.com/maps/dir/94105/Salesforce+Tower,+415+Mission+St,+San+Francisco,+CA+94105/","https://www.google.com/maps/dir/94105/Googleplex,+1600+Amphitheatre+Pkwy,+Mountain+View,+CA+94043/","https://www.google.com/maps/dir/94105/Stanford+University,+450+Serra+Mall,+Stanford,+CA+94305/",https://www.incomebyzipcode.com/california/94105,https://www.walkscore.com/CA/94105,36,36,4,213009,255071,138902,52,95,100,62,,100,4
10,94116,"https://www.google.com/maps/dir/94116/Salesforce+Tower,+415+Mission+St,+San+Francisco,+CA+94105/","https://www.google.com/maps/dir/94116/Googleplex,+1600+Amphitheatre+Pkwy,+Mountain+View,+CA+94043/","https://www.google.com/maps/dir/94116/Stanford+University,+450+Serra+Mall,+Stanford,+CA+94305/",https://www.incomebyzipcode.com/california/94116,https://www.walkscore.com/CA/94116,32,36,21,107619,155816,55140,25,78,62,62,,78,21
11,94109,"https://www.google.com/maps/dir/94109/Salesforce+Tower,+415+Mission+St,+San+Francisco,+CA+94105/","https://www.google.com/maps/dir/94109/Googleplex,+1600+Amphitheatre+Pkwy,+Mountain+View,+CA+94043/","https://www.google.com/maps/dir/94109/Stanford+University,+450+Serra+Mall,+Stanford,+CA+94305/",https://www.incomebyzipcode.com/california/94109,https://www.walkscore.com/CA/94109,39,39,10,88593,134441,80359,21,100,95,79,,100,10
12,94131,"https://www.google.com/maps/dir/94131/Salesforce+Tower,+415+Mission+St,+San+Francisco,+CA+94105/","https://www.google.com/maps/dir/94131/Googleplex,+1600+Amphitheatre+Pkwy,+Mountain+View,+CA+94043/","https://www.google.com/maps/dir/94131/Stanford+University,+450+Serra+Mall,+Stanford,+CA+94305/",https://www.incomebyzipcode.com/california/94131,https://www.walkscore.com/CA/94131,32,35,16,137762,183275,84071,34,71,75,58,,75,16
13,94133,"https://www.google.com/maps/dir/94133/Salesforce+Tower,+415+Mission+St,+San+Francisco,+CA+94105/","https://www.google.com/maps/dir/94133/Googleplex,+1600+Amphitheatre+Pkwy,+Mountain+View,+CA+94043/","https://www.google.com/maps/dir/94133/Stanford+University,+450+Serra+Mall,+Stanford,+CA+94305/",https://www.incomebyzipcode.com/california/94133,https://www.walkscore.com/CA/94133,41,40,7,66811,115126,58218,17,98,88,69,,98,7
14,94132,"https://www.google.com/maps/dir/94132/Salesforce+Tower,+415+Mission+St,+San+Francisco,+CA+94105/","https://www.google.com/maps/dir/94132/Googleplex,+1600+Amphitheatre+Pkwy,+Mountain+View,+CA+94043/","https://www.google.com/maps/dir/94132/Stanford+University,+450+Serra+Mall,+Stanford,+CA+94305/",https://www.incomebyzipcode.com/california/94132,https://www.walkscore.com/CA/94132,30,33,18,74187,101936,35562,12,17,43,45,,45,18
15,94123,"https://www.google.com/maps/dir/94123/Salesforce+Tower,+415+Mission+St,+San+Francisco,+CA+94105/","https://www.google.com/maps/dir/94123/Googleplex,+1600+Amphitheatre+Pkwy,+Mountain+View,+CA+94043/","https://www.google.com/maps/dir/94123/Stanford+University,+450+Serra+Mall,+Stanford,+CA+94305/",https://www.incomebyzipcode.com/california/94123,https://www.walkscore.com/CA/94123,42,43,14,148276,206890,113535,35,97,76,92,,97,14
16,94134,"https://www.google.com/maps/dir/94134/Salesforce+Tower,+415+Mission+St,+San+Francisco,+CA+94105/","https://www.google.com/maps/dir/94134/Googleplex,+1600+Amphitheatre+Pkwy,+Mountain+View,+CA+94043/","https://www.google.com/maps/dir/94134/Stanford+University,+450+Serra+Mall,+Stanford,+CA+94305/",https://www.incomebyzipcode.com/california/94134,https://www.walkscore.com/CA/94134,31,31,16,76229,101875,31223,11,46,63,29,,63,16
17,94121,"https://www.google.com/maps/dir/94121/Salesforce+Tower,+415+Mission+St,+San+Francisco,+CA+94105/","https://www.google.com/maps/dir/94121/Googleplex,+1600+Amphitheatre+Pkwy,+Mountain+View,+CA+94043/","https://www.google.com/maps/dir/94121/Stanford+University,+450+Serra+Mall,+Stanford,+CA+94305/",https://www.incomebyzipcode.com/california/94121,https://www.walkscore.com/CA/94121,39,42,22,95036,135025,56800,18,83,69,58,,83,22
18,94124,"https://www.google.com/maps/dir/94124/Salesforce+Tower,+415+Mission+St,+San+Francisco,+CA+94105/","https://www.google.com/maps/dir/94124/Googleplex,+1600+Amphitheatre+Pkwy,+Mountain+View,+CA+94043/","https://www.google.com/maps/dir/94124/Stanford+University,+450+Serra+Mall,+Stanford,+CA+94305/",https://www.incomebyzipcode.com/california/94124,https://www.walkscore.com/CA/94124,32,32,14,56607,84542,28457,10,81,66,50,,81,14
19,94118,"https://www.google.com/maps/dir/94118/Salesforce+Tower,+415+Mission+St,+San+Francisco,+CA+94105/","https://www.google.com/maps/dir/94118/Googleplex,+1600+Amphitheatre+Pkwy,+Mountain+View,+CA+94043/","https://www.google.com/maps/dir/94118/Stanford+University,+450+Serra+Mall,+Stanford,+CA+94305/",https://www.incomebyzipcode.com/california/94118,https://www.walkscore.com/CA/94118,39,40,16,110216,163708,71567,25,99,79,87,,99,16
20,94127,"https://www.google.com/maps/dir/94127/Salesforce+Tower,+415+Mission+St,+San+Francisco,+CA+94105/","https://www.google.com/maps/dir/94127/Googleplex,+1600+Amphitheatre+Pkwy,+Mountain+View,+CA+94043/","https://www.google.com/maps/dir/94127/Stanford+University,+450+Serra+Mall,+Stanford,+CA+94305/",https://www.incomebyzipcode.com/california/94127,https://www.walkscore.com/CA/94127,32,35,17,158162,209277,76075,40,72,74,56,,74,17
21,94141,"https://www.google.com/maps/dir/94141/Salesforce+Tower,+415+Mission+St,+San+Francisco,+CA+94105/","https://www.google.com/maps/dir/94141/Googleplex,+1600+Amphitheatre+Pkwy,+Mountain+View,+CA+94043/","https://www.google.com/maps/dir/94141/Stanford+University,+450+Serra+Mall,+Stanford,+CA+94305/",https://www.incomebyzipcode.com/california/94141,https://www.walkscore.com/CA/94141,31,31,8,57015,114448,61694,16,96,100,97,,100,8
22,94102,"https://www.google.com/maps/dir/94102/Salesforce+Tower,+415+Mission+St,+San+Francisco,+CA+94105/","https://www.google.com/maps/dir/94102/Googleplex,+1600+Amphitheatre+Pkwy,+Mountain+View,+CA+94043/","https://www.google.com/maps/dir/94102/Stanford+University,+450+Serra+Mall,+Stanford,+CA+94305/",https://www.incomebyzipcode.com/california/94102,https://www.walkscore.com/CA/94102,37,36,11,41835,81606,49103,10,97,100,99,,100,11
23,94111,"https://www.google.com/maps/dir/94111/Salesforce+Tower,+415+Mission+St,+San+Francisco,+CA+94105/","https://www.google.com/maps/dir/94111/Googleplex,+1600+Amphitheatre+Pkwy,+Mountain+View,+CA+94043/","https://www.google.com/maps/dir/94111/Stanford+University,+450+Serra+Mall,+Stanford,+CA+94305/",https://www.incomebyzipcode.com/california/94111,https://www.walkscore.com/CA/94111,38,37,4,110455,158067,95683,25,100,93,86,,100,4
24,94158,"https://www.google.com/maps/dir/94158/Salesforce+Tower,+415+Mission+St,+San+Francisco,+CA+94105/","https://www.google.com/maps/dir/94158/Googleplex,+1600+Amphitheatre+Pkwy,+Mountain+View,+CA+94043/","https://www.google.com/maps/dir/94158/Stanford+University,+450+Serra+Mall,+Stanford,+CA+94305/",https://www.incomebyzipcode.com/california/94158,https://www.walkscore.com/CA/94158,35,34,10,153077,161731,86125,32,72,83,91,,91,10
25,94104,"https://www.google.com/maps/dir/94104/Salesforce+Tower,+415+Mission+St,+San+Francisco,+CA+94105/","https://www.google.com/maps/dir/94104/Googleplex,+1600+Amphitheatre+Pkwy,+Mountain+View,+CA+94043/","https://www.google.com/maps/dir/94104/Stanford+University,+450+Serra+Mall,+Stanford,+CA+94305/",https://www.incomebyzipcode.com/california/94104,https://www.walkscore.com/CA/94104,37,37,4,52679,140675,70085,16,100,95,88,,100,4
26,94025,"https://www.google.com/maps/dir/94025/Salesforce+Tower,+415+Mission+St,+San+Francisco,+CA+94105/","https://www.google.com/maps/dir/94025/Googleplex,+1600+Amphitheatre+Pkwy,+Mountain+View,+CA+94043/","https://www.google.com/maps/dir/94025/Stanford+University,+450+Serra+Mall,+Stanford,+CA+94305/",https://www.incomebyzipcode.com/california/94025,https://www.walkscore.com/CA/94025,5,15,41,151279,225722,80653,39,90,48,95,,95,5
27,94027,"https://www.google.com/maps/dir/94027/Salesforce+Tower,+415+Mission+St,+San+Francisco,+CA+94105/","https://www.google.com/maps/dir/94027/Googleplex,+1600+Amphitheatre+Pkwy,+Mountain+View,+CA+94043/","https://www.google.com/maps/dir/94027/Stanford+University,+450+Serra+Mall,+Stanford,+CA+94305/",https://www.incomebyzipcode.com/california/94027,https://www.walkscore.com/CA/94027,6,14,38,250001,512536,162635,65,9,0,0,https://www.walkscore.com/CA/94027,9,6
28,94301,"https://www.google.com/maps/dir/94301/Salesforce+Tower,+415+Mission+St,+San+Francisco,+CA+94105/","https://www.google.com/maps/dir/94301/Googleplex,+1600+Amphitheatre+Pkwy,+Mountain+View,+CA+94043/","https://www.google.com/maps/dir/94301/Stanford+University,+450+Serra+Mall,+Stanford,+CA+94305/",https://www.incomebyzipcode.com/california/94301,https://www.walkscore.com/CA/94301,3,9,38,153733,243258,103513,40,96,54,99,,99,3
29,94303,"https://www.google.com/maps/dir/94303/Salesforce+Tower,+415+Mission+St,+San+Francisco,+CA+94105/","https://www.google.com/maps/dir/94303/Googleplex,+1600+Amphitheatre+Pkwy,+Mountain+View,+CA+94043/","https://www.google.com/maps/dir/94303/Stanford+University,+450+Serra+Mall,+Stanford,+CA+94305/",https://www.incomebyzipcode.com/california/94303,https://www.walkscore.com/CA/94303,6,6,36,103680,163681,49065,26,26,17,71,,71,6
30,94063,"https://www.google.com/maps/dir/94063/Salesforce+Tower,+415+Mission+St,+San+Francisco,+CA+94105/","https://www.google.com/maps/dir/94063/Googleplex,+1600+Amphitheatre+Pkwy,+Mountain+View,+CA+94043/","https://www.google.com/maps/dir/94063/Stanford+University,+450+Serra+Mall,+Stanford,+CA+94305/",https://www.incomebyzipcode.com/california/94063,https://www.walkscore.com/CA/94063,17,16,36,71458,100244,31362,12,20,0,0,https://www.walkscore.com/CA/94063,20,16
31,94061,"https://www.google.com/maps/dir/94061/Salesforce+Tower,+415+Mission+St,+San+Francisco,+CA+94105/","https://www.google.com/maps/dir/94061/Googleplex,+1600+Amphitheatre+Pkwy,+Mountain+View,+CA+94043/","https://www.google.com/maps/dir/94061/Stanford+University,+450+Serra+Mall,+Stanford,+CA+94305/",https://www.incomebyzipcode.com/california/94061,https://www.walkscore.com/CA/94061,9,14,36,105513,145126,52419,23,81,0,0,https://www.walkscore.com/CA/94061,81,9
32,94062,"https://www.google.com/maps/dir/94062/Salesforce+Tower,+415+Mission+St,+San+Francisco,+CA+94105/","https://www.google.com/maps/dir/94062/Googleplex,+1600+Amphitheatre+Pkwy,+Mountain+View,+CA+94043/","https://www.google.com/maps/dir/94062/Stanford+University,+450+Serra+Mall,+Stanford,+CA+94305/",https://www.incomebyzipcode.com/california/94062,https://www.walkscore.com/CA/94062,15,29,45,158269,240605,90802,40,0,0,0,https://www.walkscore.com/CA/94062,0,15
33,94065,"https://www.google.com/maps/dir/94065/Salesforce+Tower,+415+Mission+St,+San+Francisco,+CA+94105/","https://www.google.com/maps/dir/94065/Googleplex,+1600+Amphitheatre+Pkwy,+Mountain+View,+CA+94043/","https://www.google.com/maps/dir/94065/Stanford+University,+450+Serra+Mall,+Stanford,+CA+94305/",https://www.incomebyzipcode.com/california/94065,https://www.walkscore.com/CA/94065,17,16,31,161719,193275,80612,38,26,0,0,https://www.walkscore.com/CA/94065,26,16
34,94705,"https://www.google.com/maps/dir/94705/Salesforce+Tower,+415+Mission+St,+San+Francisco,+CA+94105/","https://www.google.com/maps/dir/94705/Googleplex,+1600+Amphitheatre+Pkwy,+Mountain+View,+CA+94043/","https://www.google.com/maps/dir/94705/Stanford+University,+450+Serra+Mall,+Stanford,+CA+94305/",https://www.incomebyzipcode.com/california/94705,https://www.walkscore.com/CA/94705,44,44,16,121219,194844,85752,30,21,26,23,,26,16
35,94707,"https://www.google.com/maps/dir/94707/Salesforce+Tower,+415+Mission+St,+San+Francisco,+CA+94105/","https://www.google.com/maps/dir/94707/Googleplex,+1600+Amphitheatre+Pkwy,+Mountain+View,+CA+94043/","https://www.google.com/maps/dir/94707/Stanford+University,+450+Serra+Mall,+Stanford,+CA+94305/",https://www.incomebyzipcode.com/california/94707,https://www.walkscore.com/CA/94707,50,49,19,149081,208731,86585,36,59,38,44,,59,19
36,94702,"https://www.google.com/maps/dir/94702/Salesforce+Tower,+415+Mission+St,+San+Francisco,+CA+94105/","https://www.google.com/maps/dir/94702/Googleplex,+1600+Amphitheatre+Pkwy,+Mountain+View,+CA+94043/","https://www.google.com/maps/dir/94702/Stanford+University,+450+Serra+Mall,+Stanford,+CA+94305/",https://www.incomebyzipcode.com/california/94702,https://www.walkscore.com/CA/94702,46,46,16,78289,104656,47049,14,83,66,100,,100,16
37,94709,"https://www.google.com/maps/dir/94709/Salesforce+Tower,+415+Mission+St,+San+Francisco,+CA+94105/","https://www.google.com/maps/dir/94709/Googleplex,+1600+Amphitheatre+Pkwy,+Mountain+View,+CA+94043/","https://www.google.com/maps/dir/94709/Stanford+University,+450+Serra+Mall,+Stanford,+CA+94305/",https://www.incomebyzipcode.com/california/94709,https://www.walkscore.com/CA/94709,47,47,18,71175,107020,47547,14,95,63,87,,95,18
38,94704,"https://www.google.com/maps/dir/94704/Salesforce+Tower,+415+Mission+St,+San+Francisco,+CA+94105/","https://www.google.com/maps/dir/94704/Googleplex,+1600+Amphitheatre+Pkwy,+Mountain+View,+CA+94043/","https://www.google.com/maps/dir/94704/Stanford+University,+450+Serra+Mall,+Stanford,+CA+94305/",https://www.incomebyzipcode.com/california/94704,https://www.walkscore.com/CA/94704,44,43,16,31379,63155,19692,7,99,69,95,,99,16
39,94708,"https://www.google.com/maps/dir/94708/Salesforce+Tower,+415+Mission+St,+San+Francisco,+CA+94105/","https://www.google.com/maps/dir/94708/Googleplex,+1600+Amphitheatre+Pkwy,+Mountain+View,+CA+94043/","https://www.google.com/maps/dir/94708/Stanford+University,+450+Serra+Mall,+Stanford,+CA+94305/",https://www.incomebyzipcode.com/california/94708,https://www.walkscore.com/CA/94708,55,54,23,160938,215829,91816,39,5,0,0,https://www.walkscore.com/CA/94708,5,23
40,94608,"https://www.google.com/maps/dir/94608/Salesforce+Tower,+415+Mission+St,+San+Francisco,+CA+94105/","https://www.google.com/maps/dir/94608/Googleplex,+1600+Amphitheatre+Pkwy,+Mountain+View,+CA+94043/","https://www.google.com/maps/dir/94608/Stanford+University,+450+Serra+Mall,+Stanford,+CA+94305/",https://www.incomebyzipcode.com/california/94608,https://www.walkscore.com/CA/94608,42,42,13,82753,103807,50280,13,91,60,93,,93,13
41,94710,"https://www.google.com/maps/dir/94710/Salesforce+Tower,+415+Mission+St,+San+Francisco,+CA+94105/","https://www.google.com/maps/dir/94710/Googleplex,+1600+Amphitheatre+Pkwy,+Mountain+View,+CA+94043/","https://www.google.com/maps/dir/94710/Stanford+University,+450+Serra+Mall,+Stanford,+CA+94305/",https://www.incomebyzipcode.com/california/94710,https://www.walkscore.com/CA/94710,42,42,12,67250,98269,40417,10,92,56,99,,99,12
42,94703,"https://www.google.com/maps/dir/94703/Salesforce+Tower,+415+Mission+St,+San+Francisco,+CA+94105/","https://www.google.com/maps/dir/94703/Googleplex,+1600+Amphitheatre+Pkwy,+Mountain+View,+CA+94043/","https://www.google.com/maps/dir/94703/Stanford+University,+450+Serra+Mall,+Stanford,+CA+94305/",https://www.incomebyzipcode.com/california/94703,https://www.walkscore.com/CA/94703,42,43,13,77259,109937,45542,14,91,64,98,,98,13
43,94609,"https://www.google.com/maps/dir/94609/Salesforce+Tower,+415+Mission+St,+San+Francisco,+CA+94105/","https://www.google.com/maps/dir/94609/Googleplex,+1600+Amphitheatre+Pkwy,+Mountain+View,+CA+94043/","https://www.google.com/maps/dir/94609/Stanford+University,+450+Serra+Mall,+Stanford,+CA+94305/",https://www.incomebyzipcode.com/california/94609,https://www.walkscore.com/CA/94609,41,40,13,80026,106542,47790,12,92,71,98,,98,13
44,94603,"https://www.google.com/maps/dir/94603/Salesforce+Tower,+415+Mission+St,+San+Francisco,+CA+94105/","https://www.google.com/maps/dir/94603/Googleplex,+1600+Amphitheatre+Pkwy,+Mountain+View,+CA+94043/","https://www.google.com/maps/dir/94603/Stanford+University,+450+Serra+Mall,+Stanford,+CA+94305/",https://www.incomebyzipcode.com/california/94603,https://www.walkscore.com/CA/94603,31,31,19,50742,62683,19338,2,70,41,61,,70,19
45,94612,"https://www.google.com/maps/dir/94612/Salesforce+Tower,+415+Mission+St,+San+Francisco,+CA+94105/","https://www.google.com/maps/dir/94612/Googleplex,+1600+Amphitheatre+Pkwy,+Mountain+View,+CA+94043/","https://www.google.com/maps/dir/94612/Stanford+University,+450+Serra+Mall,+Stanford,+CA+94305/",https://www.incomebyzipcode.com/california/94612,https://www.walkscore.com/CA/94612,39,38,12,51006,84797,48526,12,95,64,87,,95,12
46,94601,"https://www.google.com/maps/dir/94601/Salesforce+Tower,+415+Mission+St,+San+Francisco,+CA+94105/","https://www.google.com/maps/dir/94601/Googleplex,+1600+Amphitheatre+Pkwy,+Mountain+View,+CA+94043/","https://www.google.com/maps/dir/94601/Stanford+University,+450+Serra+Mall,+Stanford,+CA+94305/",https://www.incomebyzipcode.com/california/94601,https://www.walkscore.com/CA/94601,34,33,16,46830,63615,20335,3,95,67,79,,95,16
47,94610,"https://www.google.com/maps/dir/94610/Salesforce+Tower,+415+Mission+St,+San+Francisco,+CA+94105/","https://www.google.com/maps/dir/94610/Googleplex,+1600+Amphitheatre+Pkwy,+Mountain+View,+CA+94043/","https://www.google.com/maps/dir/94610/Stanford+University,+450+Serra+Mall,+Stanford,+CA+94305/",https://www.incomebyzipcode.com/california/94610,https://www.walkscore.com/CA/94610,40,40,13,96681,135097,67152,18,89,50,61,,89,13
48,94618,"https://www.google.com/maps/dir/94618/Salesforce+Tower,+415+Mission+St,+San+Francisco,+CA+94105/","https://www.google.com/maps/dir/94618/Googleplex,+1600+Amphitheatre+Pkwy,+Mountain+View,+CA+94043/","https://www.google.com/maps/dir/94618/Stanford+University,+450+Serra+Mall,+Stanford,+CA+94305/",https://www.incomebyzipcode.com/california/94618,https://www.walkscore.com/CA/94618,42,41,14,156116,207973,90384,37,57,0,0,https://www.walkscore.com/CA/94618,57,14
49,94605,"https://www.google.com/maps/dir/94605/Salesforce+Tower,+415+Mission+St,+San+Francisco,+CA+94105/","https://www.google.com/maps/dir/94605/Googleplex,+1600+Amphitheatre+Pkwy,+Mountain+View,+CA+94043/","https://www.google.com/maps/dir/94605/Stanford+University,+450+Serra+Mall,+Stanford,+CA+94305/",https://www.incomebyzipcode.com/california/94605,https://www.walkscore.com/CA/94605,33,33,18,69087,97630,37495,9,29,37,29,,37,18
50,94577,"https://www.google.com/maps/dir/94577/Salesforce+Tower,+415+Mission+St,+San+Francisco,+CA+94105/","https://www.google.com/maps/dir/94577/Googleplex,+1600+Amphitheatre+Pkwy,+Mountain+View,+CA+94043/","https://www.google.com/maps/dir/94577/Stanford+University,+450+Serra+Mall,+Stanford,+CA+94305/",https://www.incomebyzipcode.com/california/94577,https://www.walkscore.com/CA/94577,30,30,20,75121,96764,35985,9,67,61,68,,68,20
51,94611,"https://www.google.com/maps/dir/94611/Salesforce+Tower,+415+Mission+St,+San+Francisco,+CA+94105/","https://www.google.com/maps/dir/94611/Googleplex,+1600+Amphitheatre+Pkwy,+Mountain+View,+CA+94043/","https://www.google.com/maps/dir/94611/Stanford+University,+450+Serra+Mall,+Stanford,+CA+94305/",https://www.incomebyzipcode.com/california/94611,https://www.walkscore.com/CA/94611,43,42,18,124483,174278,78683,30,33,31,24,,33,18
52,94619,"https://www.google.com/maps/dir/94619/Salesforce+Tower,+415+Mission+St,+San+Francisco,+CA+94105/","https://www.google.com/maps/dir/94619/Googleplex,+1600+Amphitheatre+Pkwy,+Mountain+View,+CA+94043/","https://www.google.com/maps/dir/94619/Stanford+University,+450+Serra+Mall,+Stanford,+CA+94305/",https://www.incomebyzipcode.com/california/94619,https://www.walkscore.com/CA/94619,42,41,22,85855,119241,45967,16,7,17,7,,17,22
53,94607,"https://www.google.com/maps/dir/94607/Salesforce+Tower,+415+Mission+St,+San+Francisco,+CA+94105/","https://www.google.com/maps/dir/94607/Googleplex,+1600+Amphitheatre+Pkwy,+Mountain+View,+CA+94043/","https://www.google.com/maps/dir/94607/Stanford+University,+450+Serra+Mall,+Stanford,+CA+94305/",https://www.incomebyzipcode.com/california/94607,https://www.walkscore.com/CA/94607,41,41,11,50149,79676,36394,9,7,41,59,,59,11
54,94602,"https://www.google.com/maps/dir/94602/Salesforce+Tower,+415+Mission+St,+San+Francisco,+CA+94105/","https://www.google.com/maps/dir/94602/Googleplex,+1600+Amphitheatre+Pkwy,+Mountain+View,+CA+94043/","https://www.google.com/maps/dir/94602/Stanford+University,+450+Serra+Mall,+Stanford,+CA+94305/",https://www.incomebyzipcode.com/california/94602,https://www.walkscore.com/CA/94602,39,38,15,90661,125615,50952,19,92,0,0,https://www.walkscore.com/CA/94602,92,15
55,94606,"https://www.google.com/maps/dir/94606/Salesforce+Tower,+415+Mission+St,+San+Francisco,+CA+94105/","https://www.google.com/maps/dir/94606/Googleplex,+1600+Amphitheatre+Pkwy,+Mountain+View,+CA+94043/","https://www.google.com/maps/dir/94606/Stanford+University,+450+Serra+Mall,+Stanford,+CA+94305/",https://www.incomebyzipcode.com/california/94606,https://www.walkscore.com/CA/94606,38,37,16,53108,70624,29339,5,88,58,83,,88,16
56,94621,"https://www.google.com/maps/dir/94621/Salesforce+Tower,+415+Mission+St,+San+Francisco,+CA+94105/","https://www.google.com/maps/dir/94621/Googleplex,+1600+Amphitheatre+Pkwy,+Mountain+View,+CA+94043/","https://www.google.com/maps/dir/94621/Stanford+University,+450+Serra+Mall,+Stanford,+CA+94305/",https://www.incomebyzipcode.com/california/94621,https://www.walkscore.com/CA/94621,34,34,22,38591,53975,15973,2,9,28,53,,53,22
57,94530,"https://www.google.com/maps/dir/94530/Salesforce+Tower,+415+Mission+St,+San+Francisco,+CA+94105/","https://www.google.com/maps/dir/94530/Googleplex,+1600+Amphitheatre+Pkwy,+Mountain+View,+CA+94043/","https://www.google.com/maps/dir/94530/Stanford+University,+450+Serra+Mall,+Stanford,+CA+94305/",https://www.incomebyzipcode.com/california/94530,https://www.walkscore.com/CA/94530,50,49,18,99954,128680,51876,16,26,28,21,,28,18
58,94578,"https://www.google.com/maps/dir/94578/Salesforce+Tower,+415+Mission+St,+San+Francisco,+CA+94105/","https://www.google.com/maps/dir/94578/Googleplex,+1600+Amphitheatre+Pkwy,+Mountain+View,+CA+94043/","https://www.google.com/maps/dir/94578/Stanford+University,+450+Serra+Mall,+Stanford,+CA+94305/",https://www.incomebyzipcode.com/california/94578,https://www.walkscore.com/CA/94578,29,29,22,58120,77647,29062,5,80,59,58,,80,22
59,94579,"https://www.google.com/maps/dir/94579/Salesforce+Tower,+415+Mission+St,+San+Francisco,+CA+94105/","https://www.google.com/maps/dir/94579/Googleplex,+1600+Amphitheatre+Pkwy,+Mountain+View,+CA+94043/","https://www.google.com/maps/dir/94579/Stanford+University,+450+Serra+Mall,+Stanford,+CA+94305/",https://www.incomebyzipcode.com/california/94579,https://www.walkscore.com/CA/94579,30,30,26,79907,95813,32697,10,56,29,0,https://www.walkscore.com/CA/94579,56,26
60,94580,"https://www.google.com/maps/dir/94580/Salesforce+Tower,+415+Mission+St,+San+Francisco,+CA+94105/","https://www.google.com/maps/dir/94580/Googleplex,+1600+Amphitheatre+Pkwy,+Mountain+View,+CA+94043/","https://www.google.com/maps/dir/94580/Stanford+University,+450+Serra+Mall,+Stanford,+CA+94305/",https://www.incomebyzipcode.com/california/94580,https://www.walkscore.com/CA/94580,28,28,25,90946,101997,32281,8,48,33,46,,48,25
61,94805,"https://www.google.com/maps/dir/94805/Salesforce+Tower,+415+Mission+St,+San+Francisco,+CA+94105/","https://www.google.com/maps/dir/94805/Googleplex,+1600+Amphitheatre+Pkwy,+Mountain+View,+CA+94043/","https://www.google.com/maps/dir/94805/Stanford+University,+450+Serra+Mall,+Stanford,+CA+94305/",https://www.incomebyzipcode.com/california/94805,https://www.walkscore.com/CA/94805,47,46,16,78740,101287,39368,9,78,45,74,,78,16
62,94801,"https://www.google.com/maps/dir/94801/Salesforce+Tower,+415+Mission+St,+San+Francisco,+CA+94105/","https://www.google.com/maps/dir/94801/Googleplex,+1600+Amphitheatre+Pkwy,+Mountain+View,+CA+94043/","https://www.google.com/maps/dir/94801/Stanford+University,+450+Serra+Mall,+Stanford,+CA+94305/",https://www.incomebyzipcode.com/california/94801,https://www.walkscore.com/CA/94801,55,54,23,51516,70119,22799,5,0,0,27,,27,23
63,94804,"https://www.google.com/maps/dir/94804/Salesforce+Tower,+415+Mission+St,+San+Francisco,+CA+94105/","https://www.google.com/maps/dir/94804/Googleplex,+1600+Amphitheatre+Pkwy,+Mountain+View,+CA+94043/","https://www.google.com/maps/dir/94804/Stanford+University,+450+Serra+Mall,+Stanford,+CA+94305/",https://www.incomebyzipcode.com/california/94804,https://www.walkscore.com/CA/94804,47,46,16,55903,73786,27156,5,43,30,64,,64,16
64,94803,"https://www.google.com/maps/dir/94803/Salesforce+Tower,+415+Mission+St,+San+Francisco,+CA+94105/","https://www.google.com/maps/dir/94803/Googleplex,+1600+Amphitheatre+Pkwy,+Mountain+View,+CA+94043/","https://www.google.com/maps/dir/94803/Stanford+University,+450+Serra+Mall,+Stanford,+CA+94305/",https://www.incomebyzipcode.com/california/94803,https://www.walkscore.com/CA/94803,54,53,23,85266,110869,41315,10,33,27,32,,33,23
65,94806,"https://www.google.com/maps/dir/94806/Salesforce+Tower,+415+Mission+St,+San+Francisco,+CA+94105/","https://www.google.com/maps/dir/94806/Googleplex,+1600+Amphitheatre+Pkwy,+Mountain+View,+CA+94043/","https://www.google.com/maps/dir/94806/Stanford+University,+450+Serra+Mall,+Stanford,+CA+94305/",https://www.incomebyzipcode.com/california/94806,https://www.walkscore.com/CA/94806,54,53,22,59564,75073,24478,4,63,47,36,,63,22
66,94587,"https://www.google.com/maps/dir/94587/Salesforce+Tower,+415+Mission+St,+San+Francisco,+CA+94105/","https://www.google.com/maps/dir/94587/Googleplex,+1600+Amphitheatre+Pkwy,+Mountain+View,+CA+94043/","https://www.google.com/maps/dir/94587/Stanford+University,+450+Serra+Mall,+Stanford,+CA+94305/",https://www.incomebyzipcode.com/california/94587,https://www.walkscore.com/CA/94587,22,22,29,105448,126295,38484,18,51,0,0,https://www.walkscore.com/CA/94587,51,22
67,94555,"https://www.google.com/maps/dir/94555/Salesforce+Tower,+415+Mission+St,+San+Francisco,+CA+94105/","https://www.google.com/maps/dir/94555/Googleplex,+1600+Amphitheatre+Pkwy,+Mountain+View,+CA+94043/","https://www.google.com/maps/dir/94555/Stanford+University,+450+Serra+Mall,+Stanford,+CA+94305/",https://www.incomebyzipcode.com/california/94555,https://www.walkscore.com/CA/94555,18,18,31,142135,166363,51491,32,66,24,65,,66,18
68,94544,"https://www.google.com/maps/dir/94544/Salesforce+Tower,+415+Mission+St,+San+Francisco,+CA+94105/","https://www.google.com/maps/dir/94544/Googleplex,+1600+Amphitheatre+Pkwy,+Mountain+View,+CA+94043/","https://www.google.com/maps/dir/94544/Stanford+University,+450+Serra+Mall,+Stanford,+CA+94305/",https://www.incomebyzipcode.com/california/94544,https://www.walkscore.com/CA/94544,25,24,30,74896,92057,28569,6,61,48,59,,61,24
69,95121,"https://www.google.com/maps/dir/95121/Salesforce+Tower,+415+Mission+St,+San+Francisco,+CA+94105/","https://www.google.com/maps/dir/95121/Googleplex,+1600+Amphitheatre+Pkwy,+Mountain+View,+CA+94043/","https://www.google.com/maps/dir/95121/Stanford+University,+450+Serra+Mall,+Stanford,+CA+94305/",https://www.incomebyzipcode.com/california/95121,https://www.walkscore.com/CA/95121,24,18,51,102728,124432,33599,18,41,36,56,,56,18
70,95123,"https://www.google.com/maps/dir/95123/Salesforce+Tower,+415+Mission+St,+San+Francisco,+CA+94105/","https://www.google.com/maps/dir/95123/Googleplex,+1600+Amphitheatre+Pkwy,+Mountain+View,+CA+94043/","https://www.google.com/maps/dir/95123/Stanford+University,+450+Serra+Mall,+Stanford,+CA+94305/",https://www.incomebyzipcode.com/california/95123,https://www.walkscore.com/CA/95123,26,22,58,112946,129066,44898,19,75,32,64,,75,22
71,95112,"https://www.google.com/maps/dir/95112/Salesforce+Tower,+415+Mission+St,+San+Francisco,+CA+94105/","https://www.google.com/maps/dir/95112/Googleplex,+1600+Amphitheatre+Pkwy,+Mountain+View,+CA+94043/","https://www.google.com/maps/dir/95112/Stanford+University,+450+Serra+Mall,+Stanford,+CA+94305/",https://www.incomebyzipcode.com/california/95112,https://www.walkscore.com/CA/95112,22,15,48,63500,91801,32583,10,79,67,94,,94,15
72,95139,"https://www.google.com/maps/dir/95139/Salesforce+Tower,+415+Mission+St,+San+Francisco,+CA+94105/","https://www.google.com/maps/dir/95139/Googleplex,+1600+Amphitheatre+Pkwy,+Mountain+View,+CA+94043/","https://www.google.com/maps/dir/95139/Stanford+University,+450+Serra+Mall,+Stanford,+CA+94305/",https://www.incomebyzipcode.com/california/95139,https://www.walkscore.com/CA/95139,31,26,59,135089,148439,46730,23,28,32,30,,32,26
73,95110,"https://www.google.com/maps/dir/95110/Salesforce+Tower,+415+Mission+St,+San+Francisco,+CA+94105/","https://www.google.com/maps/dir/95110/Googleplex,+1600+Amphitheatre+Pkwy,+Mountain+View,+CA+94043/","https://www.google.com/maps/dir/95110/Stanford+University,+450+Serra+Mall,+Stanford,+CA+94305/",https://www.incomebyzipcode.com/california/95110,https://www.walkscore.com/CA/95110,21,15,48,87634,112562,37655,14,20,48,62,,62,15
74,95136,"https://www.google.com/maps/dir/95136/Salesforce+Tower,+415+Mission+St,+San+Francisco,+CA+94105/","https://www.google.com/maps/dir/95136/Googleplex,+1600+Amphitheatre+Pkwy,+Mountain+View,+CA+94043/","https://www.google.com/maps/dir/95136/Stanford+University,+450+Serra+Mall,+Stanford,+CA+94305/",https://www.incomebyzipcode.com/california/95136,https://www.walkscore.com/CA/95136,26,20,56,104909,129147,44041,18,58,31,63,,63,20
75,95120,"https://www.google.com/maps/dir/95120/Salesforce+Tower,+415+Mission+St,+San+Francisco,+CA+94105/","https://www.google.com/maps/dir/95120/Googleplex,+1600+Amphitheatre+Pkwy,+Mountain+View,+CA+94043/","https://www.google.com/maps/dir/95120/Stanford+University,+450+Serra+Mall,+Stanford,+CA+94305/",https://www.incomebyzipcode.com/california/95120,https://www.walkscore.com/CA/95120,39,35,71,185800,217091,72890,48,4,0,2,,4,35
76,95124,"https://www.google.com/maps/dir/95124/Salesforce+Tower,+415+Mission+St,+San+Francisco,+CA+94105/","https://www.google.com/maps/dir/95124/Googleplex,+1600+Amphitheatre+Pkwy,+Mountain+View,+CA+94043/","https://www.google.com/maps/dir/95124/Stanford+University,+450+Serra+Mall,+Stanford,+CA+94305/",https://www.incomebyzipcode.com/california/95124,https://www.walkscore.com/CA/95124,21,17,53,143425,170138,57798,31,66,31,56,,66,17
77,95125,"https://www.google.com/maps/dir/95125/Salesforce+Tower,+415+Mission+St,+San+Francisco,+CA+94105/","https://www.google.com/maps/dir/95125/Googleplex,+1600+Amphitheatre+Pkwy,+Mountain+View,+CA+94043/","https://www.google.com/maps/dir/95125/Stanford+University,+450+Serra+Mall,+Stanford,+CA+94305/",https://www.incomebyzipcode.com/california/95125,https://www.walkscore.com/CA/95125,24,19,55,116708,161318,64401,27,53,39,72,,72,19
78,95118,"https://www.google.com/maps/dir/95118/Salesforce+Tower,+415+Mission+St,+San+Francisco,+CA+94105/","https://www.google.com/maps/dir/95118/Googleplex,+1600+Amphitheatre+Pkwy,+Mountain+View,+CA+94043/","https://www.google.com/maps/dir/95118/Stanford+University,+450+Serra+Mall,+Stanford,+CA+94305/",https://www.incomebyzipcode.com/california/95118,https://www.walkscore.com/CA/95118,23,19,55,107701,138663,49225,22,68,32,69,,69,19
79,95135,"https://www.google.com/maps/dir/95135/Salesforce+Tower,+415+Mission+St,+San+Francisco,+CA+94105/","https://www.google.com/maps/dir/95135/Googleplex,+1600+Amphitheatre+Pkwy,+Mountain+View,+CA+94043/","https://www.google.com/maps/dir/95135/Stanford+University,+450+Serra+Mall,+Stanford,+CA+94305/",https://www.incomebyzipcode.com/california/95135,https://www.walkscore.com/CA/95135,48,41,75,142531,164386,55729,32,0,0,0,https://www.walkscore.com/CA/95135,0,41
80,95129,"https://www.google.com/maps/dir/95129/Salesforce+Tower,+415+Mission+St,+San+Francisco,+CA+94105/","https://www.google.com/maps/dir/95129/Googleplex,+1600+Amphitheatre+Pkwy,+Mountain+View,+CA+94043/","https://www.google.com/maps/dir/95129/Stanford+University,+450+Serra+Mall,+Stanford,+CA+94305/",https://www.incomebyzipcode.com/california/95129,https://www.walkscore.com/CA/95129,18,15,51,144333,170495,60422,32,48,38,72,,72,15
81,95132,"https://www.google.com/maps/dir/95132/Salesforce+Tower,+415+Mission+St,+San+Francisco,+CA+94105/","https://www.google.com/maps/dir/95132/Googleplex,+1600+Amphitheatre+Pkwy,+Mountain+View,+CA+94043/","https://www.google.com/maps/dir/95132/Stanford+University,+450+Serra+Mall,+Stanford,+CA+94305/",https://www.incomebyzipcode.com/california/95132,https://www.walkscore.com/CA/95132,24,18,46,111623,132101,40047,22,0,0,0,https://www.walkscore.com/CA/95132,0,18
82,95111,"https://www.google.com/maps/dir/95111/Salesforce+Tower,+415+Mission+St,+San+Francisco,+CA+94105/","https://www.google.com/maps/dir/95111/Googleplex,+1600+Amphitheatre+Pkwy,+Mountain+View,+CA+94043/","https://www.google.com/maps/dir/95111/Stanford+University,+450+Serra+Mall,+Stanford,+CA+94305/",https://www.incomebyzipcode.com/california/95111,https://www.walkscore.com/CA/95111,27,20,54,69039,89871,24161,8,66,50,70,,70,20
83,95122,"https://www.google.com/maps/dir/95122/Salesforce+Tower,+415+Mission+St,+San+Francisco,+CA+94105/","https://www.google.com/maps/dir/95122/Googleplex,+1600+Amphitheatre+Pkwy,+Mountain+View,+CA+94043/","https://www.google.com/maps/dir/95122/Stanford+University,+450+Serra+Mall,+Stanford,+CA+94305/",https://www.incomebyzipcode.com/california/95122,https://www.walkscore.com/CA/95122,24,17,50,73388,90620,21697,8,32,49,41,,49,17
84,95138,"https://www.google.com/maps/dir/95138/Salesforce+Tower,+415+Mission+St,+San+Francisco,+CA+94105/","https://www.google.com/maps/dir/95138/Googleplex,+1600+Amphitheatre+Pkwy,+Mountain+View,+CA+94043/","https://www.google.com/maps/dir/95138/Stanford+University,+450+Serra+Mall,+Stanford,+CA+94305/",https://www.incomebyzipcode.com/california/95138,https://www.walkscore.com/CA/95138,33,27,61,173286,221429,66825,43,2,0,1,,2,27
85,95008,"https://www.google.com/maps/dir/95008/Salesforce+Tower,+415+Mission+St,+San+Francisco,+CA+94105/","https://www.google.com/maps/dir/95008/Googleplex,+1600+Amphitheatre+Pkwy,+Mountain+View,+CA+94043/","https://www.google.com/maps/dir/95008/Stanford+University,+450+Serra+Mall,+Stanford,+CA+94305/",https://www.incomebyzipcode.com/california/95008,https://www.walkscore.com/CA/95008,22,19,55,115453,144360,57933,23,61,47,75,,75,19
86,95117,"https://www.google.com/maps/dir/95117/Salesforce+Tower,+415+Mission+St,+San+Francisco,+CA+94105/","https://www.google.com/maps/dir/95117/Googleplex,+1600+Amphitheatre+Pkwy,+Mountain+View,+CA+94043/","https://www.google.com/maps/dir/95117/Stanford+University,+450+Serra+Mall,+Stanford,+CA+94305/",https://www.incomebyzipcode.com/california/95117,https://www.walkscore.com/CA/95117,18,14,49,91347,124821,46620,18,24,34,59,,59,14
87,95128,"https://www.google.com/maps/dir/95128/Salesforce+Tower,+415+Mission+St,+San+Francisco,+CA+94105/","https://www.google.com/maps/dir/95128/Googleplex,+1600+Amphitheatre+Pkwy,+Mountain+View,+CA+94043/","https://www.google.com/maps/dir/95128/Stanford+University,+450+Serra+Mall,+Stanford,+CA+94305/",https://www.incomebyzipcode.com/california/95128,https://www.walkscore.com/CA/95128,16,13,48,88007,117965,44611,17,52,48,60,,60,13
88,95148,"https://www.google.com/maps/dir/95148/Salesforce+Tower,+415+Mission+St,+San+Francisco,+CA+94105/","https://www.google.com/maps/dir/95148/Googleplex,+1600+Amphitheatre+Pkwy,+Mountain+View,+CA+94043/","https://www.google.com/maps/dir/95148/Stanford+University,+450+Serra+Mall,+Stanford,+CA+94305/",https://www.incomebyzipcode.com/california/95148,https://www.walkscore.com/CA/95148,32,25,58,129984,146982,38223,23,2,19,26,,26,25
89,95133,"https://www.google.com/maps/dir/95133/Salesforce+Tower,+415+Mission+St,+San+Francisco,+CA+94105/","https://www.google.com/maps/dir/95133/Googleplex,+1600+Amphitheatre+Pkwy,+Mountain+View,+CA+94043/","https://www.google.com/maps/dir/95133/Stanford+University,+450+Serra+Mall,+Stanford,+CA+94305/",https://www.incomebyzipcode.com/california/95133,https://www.walkscore.com/CA/95133,23,17,48,82487,107899,34003,13,32,40,70,,70,17
90,95134,"https://www.google.com/maps/dir/95134/Salesforce+Tower,+415+Mission+St,+San+Francisco,+CA+94105/","https://www.google.com/maps/dir/95134/Googleplex,+1600+Amphitheatre+Pkwy,+Mountain+View,+CA+94043/","https://www.google.com/maps/dir/95134/Stanford+University,+450+Serra+Mall,+Stanford,+CA+94305/",https://www.incomebyzipcode.com/california/95134,https://www.walkscore.com/CA/95134,19,12,45,139558,152679,65665,25,0,0,25,,25,12
91,95116,"https://www.google.com/maps/dir/95116/Salesforce+Tower,+415+Mission+St,+San+Francisco,+CA+94105/","https://www.google.com/maps/dir/95116/Googleplex,+1600+Amphitheatre+Pkwy,+Mountain+View,+CA+94043/","https://www.google.com/maps/dir/95116/Stanford+University,+450+Serra+Mall,+Stanford,+CA+94305/",https://www.incomebyzipcode.com/california/95116,https://www.walkscore.com/CA/95116,21,15,48,60855,78878,21655,5,78,54,59,,78,15
92,95127,"https://www.google.com/maps/dir/95127/Salesforce+Tower,+415+Mission+St,+San+Francisco,+CA+94105/","https://www.google.com/maps/dir/95127/Googleplex,+1600+Amphitheatre+Pkwy,+Mountain+View,+CA+94043/","https://www.google.com/maps/dir/95127/Stanford+University,+450+Serra+Mall,+Stanford,+CA+94305/",https://www.incomebyzipcode.com/california/95127,https://www.walkscore.com/CA/95127,42,35,67,92419,112511,30157,14,6,0,33,,33,35
93,95131,"https://www.google.com/maps/dir/95131/Salesforce+Tower,+415+Mission+St,+San+Francisco,+CA+94105/","https://www.google.com/maps/dir/95131/Googleplex,+1600+Amphitheatre+Pkwy,+Mountain+View,+CA+94043/","https://www.google.com/maps/dir/95131/Stanford+University,+450+Serra+Mall,+Stanford,+CA+94305/",https://www.incomebyzipcode.com/california/95131,https://www.walkscore.com/CA/95131,21,15,44,121567,145256,46350,24,57,43,72,,72,15
94,95130,"https://www.google.com/maps/dir/95130/Salesforce+Tower,+415+Mission+St,+San+Francisco,+CA+94105/","https://www.google.com/maps/dir/95130/Googleplex,+1600+Amphitheatre+Pkwy,+Mountain+View,+CA+94043/","https://www.google.com/maps/dir/95130/Stanford+University,+450+Serra+Mall,+Stanford,+CA+94305/",https://www.incomebyzipcode.com/california/95130,https://www.walkscore.com/CA/95130,19,15,51,120639,154746,54504,29,80,36,79,,80,15
95,95126,"https://www.google.com/maps/dir/95126/Salesforce+Tower,+415+Mission+St,+San+Francisco,+CA+94105/","https://www.google.com/maps/dir/95126/Googleplex,+1600+Amphitheatre+Pkwy,+Mountain+View,+CA+94043/","https://www.google.com/maps/dir/95126/Stanford+University,+450+Serra+Mall,+Stanford,+CA+94305/",https://www.incomebyzipcode.com/california/95126,https://www.walkscore.com/CA/95126,20,16,48,92788,129319,54954,18,86,54,82,,86,16
96,95035,"https://www.google.com/maps/dir/95035/Salesforce+Tower,+415+Mission+St,+San+Francisco,+CA+94105/","https://www.google.com/maps/dir/95035/Googleplex,+1600+Amphitheatre+Pkwy,+Mountain+View,+CA+94043/","https://www.google.com/maps/dir/95035/Stanford+University,+450+Serra+Mall,+Stanford,+CA+94305/",https://www.incomebyzipcode.com/california/95035,https://www.walkscore.com/CA/95035,18,12,41,125055,142677,43573,24,2,0,4,,4,12
97,95119,"https://www.google.com/maps/dir/95119/Salesforce+Tower,+415+Mission+St,+San+Francisco,+CA+94105/","https://www.google.com/maps/dir/95119/Googleplex,+1600+Amphitheatre+Pkwy,+Mountain+View,+CA+94043/","https://www.google.com/maps/dir/95119/Stanford+University,+450+Serra+Mall,+Stanford,+CA+94305/",https://www.incomebyzipcode.com/california/95119,https://www.walkscore.com/CA/95119,27,23,57,118090,132662,42580,19,49,44,52,,52,23
98,95054,"https://www.google.com/maps/dir/95054/Salesforce+Tower,+415+Mission+St,+San+Francisco,+CA+94105/","https://www.google.com/maps/dir/95054/Googleplex,+1600+Amphitheatre+Pkwy,+Mountain+View,+CA+94043/","https://www.google.com/maps/dir/95054/Stanford+University,+450+Serra+Mall,+Stanford,+CA+94305/",https://www.incomebyzipcode.com/california/95054,https://www.walkscore.com/CA/95054,18,11,47,148011,160106,56803,31,42,41,73,,73,11
99,95037,"https://www.google.com/maps/dir/95037/Salesforce+Tower,+415+Mission+St,+San+Francisco,+CA+94105/","https://www.google.com/maps/dir/95037/Googleplex,+1600+Amphitheatre+Pkwy,+Mountain+View,+CA+94043/","https://www.google.com/maps/dir/95037/Stanford+University,+450+Serra+Mall,+Stanford,+CA+94305/",https://www.incomebyzipcode.com/california/95037,https://www.walkscore.com/CA/95037,85,79,113,120864,153515,52449,25,0,0,0,https://www.walkscore.com/CA/95037,0,79
100,95002,"https://www.google.com/maps/dir/95002/Salesforce+Tower,+415+Mission+St,+San+Francisco,+CA+94105/","https://www.google.com/maps/dir/95002/Googleplex,+1600+Amphitheatre+Pkwy,+Mountain+View,+CA+94043/","https://www.google.com/maps/dir/95002/Stanford+University,+450+Serra+Mall,+Stanford,+CA+94305/",https://www.incomebyzipcode.com/california/95002,https://www.walkscore.com/CA/95002,16,10,45,91667,115557,32310,14,51,21,64,,64,10
101,95113,"https://www.google.com/maps/dir/95113/Salesforce+Tower,+415+Mission+St,+San+Francisco,+CA+94105/","https://www.google.com/maps/dir/95113/Googleplex,+1600+Amphitheatre+Pkwy,+Mountain+View,+CA+94043/","https://www.google.com/maps/dir/95113/Stanford+University,+450+Serra+Mall,+Stanford,+CA+94305/",https://www.incomebyzipcode.com/california/95113,https://www.walkscore.com/CA/95113,20,14,49,122120,160292,93662,30,91,76,92,,92,14
102,94404,"https://www.google.com/maps/dir/94404/Salesforce+Tower,+415+Mission+St,+San+Francisco,+CA+94105/","https://www.google.com/maps/dir/94404/Googleplex,+1600+Amphitheatre+Pkwy,+Mountain+View,+CA+94043/","https://www.google.com/maps/dir/94404/Stanford+University,+450+Serra+Mall,+Stanford,+CA+94305/",https://www.incomebyzipcode.com/california/94404,https://www.walkscore.com/CA/94404,22,21,32,143109,173154,68486,33,59,0,0,https://www.walkscore.com/CA/94404,59,21
103,94402,"https://www.google.com/maps/dir/94402/Salesforce+Tower,+415+Mission+St,+San+Francisco,+CA+94105/","https://www.google.com/maps/dir/94402/Googleplex,+1600+Amphitheatre+Pkwy,+Mountain+View,+CA+94043/","https://www.google.com/maps/dir/94402/Stanford+University,+450+Serra+Mall,+Stanford,+CA+94305/",https://www.incomebyzipcode.com/california/94402,https://www.walkscore.com/CA/94402,17,21,29,155078,209903,79560,38,39,29,30,,39,17
104,94401,"https://www.google.com/maps/dir/94401/Salesforce+Tower,+415+Mission+St,+San+Francisco,+CA+94105/","https://www.google.com/maps/dir/94401/Googleplex,+1600+Amphitheatre+Pkwy,+Mountain+View,+CA+94043/","https://www.google.com/maps/dir/94401/Stanford+University,+450+Serra+Mall,+Stanford,+CA+94305/",https://www.incomebyzipcode.com/california/94401,https://www.walkscore.com/CA/94401,20,19,25,89176,119222,43426,17,60,23,74,,74,19
105,94403,"https://www.google.com/maps/dir/94403/Salesforce+Tower,+415+Mission+St,+San+Francisco,+CA+94105/","https://www.google.com/maps/dir/94403/Googleplex,+1600+Amphitheatre+Pkwy,+Mountain+View,+CA+94043/","https://www.google.com/maps/dir/94403/Stanford+University,+450+Serra+Mall,+Stanford,+CA+94305/",https://www.incomebyzipcode.com/california/94403,https://www.walkscore.com/CA/94403,18,18,29,123968,159731,60951,28,84,49,62,,84,18
106,94010,"https://www.google.com/maps/dir/94010/Salesforce+Tower,+415+Mission+St,+San+Francisco,+CA+94105/","https://www.google.com/maps/dir/94010/Googleplex,+1600+Amphitheatre+Pkwy,+Mountain+View,+CA+94043/","https://www.google.com/maps/dir/94010/Stanford+University,+450+Serra+Mall,+Stanford,+CA+94305/",https://www.incomebyzipcode.com/california/94010,https://www.walkscore.com/CA/94010,21,25,27,144281,235979,89944,38,4,0,0,https://www.walkscore.com/CA/94010,4,21
107,94002,"https://www.google.com/maps/dir/94002/Salesforce+Tower,+415+Mission+St,+San+Francisco,+CA+94105/","https://www.google.com/maps/dir/94002/Googleplex,+1600+Amphitheatre+Pkwy,+Mountain+View,+CA+94043/","https://www.google.com/maps/dir/94002/Stanford+University,+450+Serra+Mall,+Stanford,+CA+94305/",https://www.incomebyzipcode.com/california/94002,https://www.walkscore.com/CA/94002,18,17,31,134529,181171,70269,33,45,0,0,https://www.walkscore.com/CA/94002,45,17
108,94536,"https://www.google.com/maps/dir/94536/Salesforce+Tower,+415+Mission+St,+San+Francisco,+CA+94105/","https://www.google.com/maps/dir/94536/Googleplex,+1600+Amphitheatre+Pkwy,+Mountain+View,+CA+94043/","https://www.google.com/maps/dir/94536/Stanford+University,+450+Serra+Mall,+Stanford,+CA+94305/",https://www.incomebyzipcode.com/california/94536,https://www.walkscore.com/CA/94536,23,23,35,116609,136107,46643,21,38,40,70,,70,23
109,94538,"https://www.google.com/maps/dir/94538/Salesforce+Tower,+415+Mission+St,+San+Francisco,+CA+94105/","https://www.google.com/maps/dir/94538/Googleplex,+1600+Amphitheatre+Pkwy,+Mountain+View,+CA+94043/","https://www.google.com/maps/dir/94538/Stanford+University,+450+Serra+Mall,+Stanford,+CA+94305/",https://www.incomebyzipcode.com/california/94538,https://www.walkscore.com/CA/94538,22,15,37,106139,123361,41897,15,37,32,63,,63,15
110,94539,"https://www.google.com/maps/dir/94539/Salesforce+Tower,+415+Mission+St,+San+Francisco,+CA+94105/","https://www.google.com/maps/dir/94539/Googleplex,+1600+Amphitheatre+Pkwy,+Mountain+View,+CA+94043/","https://www.google.com/maps/dir/94539/Stanford+University,+450+Serra+Mall,+Stanford,+CA+94305/",https://www.incomebyzipcode.com/california/94539,https://www.walkscore.com/CA/94539,27,20,42,170358,196616,61948,40,10,28,8,,28,20
111,94560,"https://www.google.com/maps/dir/94560/Salesforce+Tower,+415+Mission+St,+San+Francisco,+CA+94105/","https://www.google.com/maps/dir/94560/Googleplex,+1600+Amphitheatre+Pkwy,+Mountain+View,+CA+94043/","https://www.google.com/maps/dir/94560/Stanford+University,+450+Serra+Mall,+Stanford,+CA+94305/",https://www.incomebyzipcode.com/california/94560,https://www.walkscore.com/CA/94560,22,22,36,108181,126240,39107,15,13,0,0,https://www.walkscore.com/CA/94560,13,22
112,94089,"https://www.google.com/maps/dir/94089/Salesforce+Tower,+415+Mission+St,+San+Francisco,+CA+94105/","https://www.google.com/maps/dir/94089/Googleplex,+1600+Amphitheatre+Pkwy,+Mountain+View,+CA+94043/","https://www.google.com/maps/dir/94089/Stanford+University,+450+Serra+Mall,+Stanford,+CA+94305/",https://www.incomebyzipcode.com/california/94089,https://www.walkscore.com/CA/94089,13,7,43,112750,139625,52528,22,32,46,60,,60,7
113,94085,"https://www.google.com/maps/dir/94085/Salesforce+Tower,+415+Mission+St,+San+Francisco,+CA+94105/","https://www.google.com/maps/dir/94085/Googleplex,+1600+Amphitheatre+Pkwy,+Mountain+View,+CA+94043/","https://www.google.com/maps/dir/94085/Stanford+University,+450+Serra+Mall,+Stanford,+CA+94305/",https://www.incomebyzipcode.com/california/94085,https://www.walkscore.com/CA/94085,14,8,44,116332,148129,54547,24,73,38,78,,78,8
114,94086,"https://www.google.com/maps/dir/94086/Salesforce+Tower,+415+Mission+St,+San+Francisco,+CA+94105/","https://www.google.com/maps/dir/94086/Googleplex,+1600+Amphitheatre+Pkwy,+Mountain+View,+CA+94043/","https://www.google.com/maps/dir/94086/Stanford+University,+450+Serra+Mall,+Stanford,+CA+94305/",https://www.incomebyzipcode.com/california/94086,https://www.walkscore.com/CA/94086,16,9,45,129112,158235,63667,28,47,46,0,https://www.walkscore.com/CA/94086,47,9
115,94087,"https://www.google.com/maps/dir/94087/Salesforce+Tower,+415+Mission+St,+San+Francisco,+CA+94105/","https://www.google.com/maps/dir/94087/Googleplex,+1600+Amphitheatre+Pkwy,+Mountain+View,+CA+94043/","https://www.google.com/maps/dir/94087/Stanford+University,+450+Serra+Mall,+Stanford,+CA+94305/",https://www.incomebyzipcode.com/california/94087,https://www.walkscore.com/CA/94087,15,12,47,153036,195474,69982,36,50,34,73,,73,12
116,95051,"https://www.google.com/maps/dir/95051/Salesforce+Tower,+415+Mission+St,+San+Francisco,+CA+94105/","https://www.google.com/maps/dir/95051/Googleplex,+1600+Amphitheatre+Pkwy,+Mountain+View,+CA+94043/","https://www.google.com/maps/dir/95051/Stanford+University,+450+Serra+Mall,+Stanford,+CA+94305/",https://www.incomebyzipcode.com/california/95051,https://www.walkscore.com/CA/95051,18,12,48,125520,146764,54668,24,37,32,75,,75,12
117,94024,"https://www.google.com/maps/dir/94024/Salesforce+Tower,+415+Mission+St,+San+Francisco,+CA+94105/","https://www.google.com/maps/dir/94024/Googleplex,+1600+Amphitheatre+Pkwy,+Mountain+View,+CA+94043/","https://www.google.com/maps/dir/94024/Stanford+University,+450+Serra+Mall,+Stanford,+CA+94305/",https://www.incomebyzipcode.com/california/94024,https://www.walkscore.com/CA/94024,11,14,44,237454,321996,106527,58,3,0,13,,13,11
118,94041,"https://www.google.com/maps/dir/94041/Salesforce+Tower,+415+Mission+St,+San+Francisco,+CA+94105/","https://www.google.com/maps/dir/94041/Googleplex,+1600+Amphitheatre+Pkwy,+Mountain+View,+CA+94043/","https://www.google.com/maps/dir/94041/Stanford+University,+450+Serra+Mall,+Stanford,+CA+94305/",https://www.incomebyzipcode.com/california/94041,https://www.walkscore.com/CA/94041,13,7,43,129444,167803,75692,27,83,54,99,,99,7
119,94563,"https://www.google.com/maps/dir/94563/Salesforce+Tower,+415+Mission+St,+San+Francisco,+CA+94105/","https://www.google.com/maps/dir/94563/Googleplex,+1600+Amphitheatre+Pkwy,+Mountain+View,+CA+94043/","https://www.google.com/maps/dir/94563/Stanford+University,+450+Serra+Mall,+Stanford,+CA+94305/",https://www.incomebyzipcode.com/california/94563,https://www.walkscore.com/CA/94563,47,46,19,208640,292512,107686,52,17,0,0,https://www.walkscore.com/CA/94563,17,19
120,94549,"https://www.google.com/maps/dir/94549/Salesforce+Tower,+415+Mission+St,+San+Francisco,+CA+94105/","https://www.google.com/maps/dir/94549/Googleplex,+1600+Amphitheatre+Pkwy,+Mountain+View,+CA+94043/","https://www.google.com/maps/dir/94549/Stanford+University,+450+Serra+Mall,+Stanford,+CA+94305/",https://www.incomebyzipcode.com/california/94549,https://www.walkscore.com/CA/94549,50,48,22,159583,230189,85832,42,93,0,0,https://www.walkscore.com/CA/94549,93,22
121,94070,"https://www.google.com/maps/dir/94070/Salesforce+Tower,+415+Mission+St,+San+Francisco,+CA+94105/","https://www.google.com/maps/dir/94070/Googleplex,+1600+Amphitheatre+Pkwy,+Mountain+View,+CA+94043/","https://www.google.com/maps/dir/94070/Stanford+University,+450+Serra+Mall,+Stanford,+CA+94305/",https://www.incomebyzipcode.com/california/94070,https://www.walkscore.com/CA/94070,17,18,33,172048,221289,84104,44,11,0,0,https://www.walkscore.com/CA/94070,11,17
122,94541,"https://www.google.com/maps/dir/94541/Salesforce+Tower,+415+Mission+St,+San+Francisco,+CA+94105/","https://www.google.com/maps/dir/94541/Googleplex,+1600+Amphitheatre+Pkwy,+Mountain+View,+CA+94043/","https://www.google.com/maps/dir/94541/Stanford+University,+450+Serra+Mall,+Stanford,+CA+94305/",https://www.incomebyzipcode.com/california/94541,https://www.walkscore.com/CA/94541,27,27,26,74552,89523,31260,7,50,45,64,,64,26
123,94545,"https://www.google.com/maps/dir/94545/Salesforce+Tower,+415+Mission+St,+San+Francisco,+CA+94105/","https://www.google.com/maps/dir/94545/Googleplex,+1600+Amphitheatre+Pkwy,+Mountain+View,+CA+94043/","https://www.google.com/maps/dir/94545/Stanford+University,+450+Serra+Mall,+Stanford,+CA+94305/",https://www.incomebyzipcode.com/california/94545,https://www.walkscore.com/CA/94545,29,29,33,83132,103843,31905,11,7,0,36,,36,29
124,94542,"https://www.google.com/maps/dir/94542/Salesforce+Tower,+415+Mission+St,+San+Francisco,+CA+94105/","https://www.google.com/maps/dir/94542/Googleplex,+1600+Amphitheatre+Pkwy,+Mountain+View,+CA+94043/","https://www.google.com/maps/dir/94542/Stanford+University,+450+Serra+Mall,+Stanford,+CA+94305/",https://www.incomebyzipcode.com/california/94542,https://www.walkscore.com/CA/94542,32,31,32,108438,131544,42189,20,21,18,20,,21,31
125,94546,"https://www.google.com/maps/dir/94546/Salesforce+Tower,+415+Mission+St,+San+Francisco,+CA+94105/","https://www.google.com/maps/dir/94546/Googleplex,+1600+Amphitheatre+Pkwy,+Mountain+View,+CA+94043/","https://www.google.com/maps/dir/94546/Stanford+University,+450+Serra+Mall,+Stanford,+CA+94305/",https://www.incomebyzipcode.com/california/94546,https://www.walkscore.com/CA/94546,34,33,28,91513,111029,42245,13,25,21,20,,25,28
126,94552,"https://www.google.com/maps/dir/94552/Salesforce+Tower,+415+Mission+St,+San+Francisco,+CA+94105/","https://www.google.com/maps/dir/94552/Googleplex,+1600+Amphitheatre+Pkwy,+Mountain+View,+CA+94043/","https://www.google.com/maps/dir/94552/Stanford+University,+450+Serra+Mall,+Stanford,+CA+94305/",https://www.incomebyzipcode.com/california/94552,https://www.walkscore.com/CA/94552,33,33,28,151667,197532,66913,35,6,0,1,,6,28
