SALE TYPE,SOLD DATE,PROPERTY TYPE,ADDRESS,CITY,STATE OR PROVINCE,ZIP OR POSTAL CODE,PRICE,BEDS,BATHS,LOCATION,SQUARE FEET,LOT SIZE,YEAR BUILT,DAYS ON MARKET,$/SQUARE FEET,HOA/MONTH,STATUS,NEXT OPEN HOUSE START TIME,NEXT OPEN HOUSE END TIME,URL (SEE http://www.redfin.com/buy-a-home/comparative-market-analysis FOR INFO ON PRICING),SOURCE,MLS#,FAVORITE,INTERESTED,LATITUDE,LONGITUDE
Redfin Data,,Single Family Residential,38818 Altura St,Fremont,CA,94536,1299777,4,3.0,Fremont,2472,7715,1977,1,526,,Pre On-Market,,,http://www.redfin.com/CA/Fremont/38818-Altura-St-94536/home/1850897,Coming Soon,48871,N,Y,37.5709179,-121.9605088
MLS Listing,,Single Family Residential,36554 Coronado Dr,Fremont,CA,94536,1090000,4,3.5,Cabrillo,1586,7555,1953,1,687,,Active,January-25-2020 01:00 PM,January-25-2020 04:00 PM,http://www.redfin.com/CA/Fremont/36554-Coronado-Dr-94536/home/1046672,Bridge MLS,40893076,N,Y,37.556945,-122.0193907
MLS Listing,,Townhouse,34189 Via Lucca,Fremont,CA,94555,1188888,4,3.5,Fremont,1969,,2013,1,604,231,Active,January-25-2020 01:00 PM,January-25-2020 04:00 PM,http://www.redfin.com/CA/Fremont/34189-Via-Lucca-94555/home/17185173,Bridge MLS,40893059,N,Y,37.5598609,-122.0618951
MLS Listing,,Single Family Residential,40571 Creston St,Fremont,CA,94538,1150000,4,2.0,Bell Terrace,1556,6331,1961,1,739,,Active,,,http://www.redfin.com/CA/Fremont/40571-Creston-St-94538/home/170391806,Bridge MLS,40893041,N,Y,37.523934,-121.9760854
MLS Listing,,Single Family Residential,40751 creston,Fremont,CA,94538,1150000,4,2.0,Alameda,1556,6331,1961,1,,,Active,,,http://www.redfin.com/CA/Fremont/40751-Creston-St-94538/home/1110401,MetroList,20004013,N,Y,37.5231477,-121.9750157
MLS Listing,,Single Family Residential,33847 Raven Ter,Fremont,CA,94555,1160000,4,2.5,Fallbrook,1855,3150,1989,1,625,260,Active,January-25-2020 01:00 PM,January-25-2020 04:00 PM,http://www.redfin.com/CA/Fremont/33847-Raven-Ter-94555/home/1982269,Bridge MLS,40892976,N,Y,37.5796918,-122.0461668
MLS Listing,,Condo/Co-op,4958 Conway Ter,Fremont,CA,94555,730000,2,2.0,Forest Park,840,149411,1989,1,869,345,Active,January-25-2020 01:00 PM,January-25-2020 04:00 PM,http://www.redfin.com/CA/Fremont/4958-Conway-Ter-94555/unit-73/home/1772428,Bridge MLS,40892969,N,Y,37.564036,-122.046239
MLS Listing,,Single Family Residential,4673 NE Hampshire Way,Fremont,CA,94538,925000,3,2.0,Morrison Meadows,1402,6633,1962,1,660,,Active,January-25-2020 01:00 PM,January-25-2020 04:00 PM,http://www.redfin.com/CA/Fremont/4673-Hampshire-Way-94538/home/1378019,Bridge MLS,40892952,N,Y,37.5281694,-121.9725276
MLS Listing,,Single Family Residential,33416 Pony Loop,Fremont,CA,94555,2099000,4,4.5,Fremont,3402,5400,2016,1,617,155,Active,January-25-2020 01:00 PM,January-25-2020 04:00 PM,http://www.redfin.com/CA/Fremont/33416-Pony-Loop-94555/home/95474208,Bridge MLS,40892919,N,Y,37.565896,-122.0638538
MLS Listing,,Single Family Residential,34191 Della Ter,Fremont,CA,94555,1099888,3,2.5,Fremont,1324,3295,1988,1,831,119,Active,January-26-2020 01:30 PM,January-26-2020 04:30 PM,http://www.redfin.com/CA/Fremont/34191-Della-Ter-94555/home/1147590,Bridge MLS,40892915,N,Y,37.5617194,-122.0586868
MLS Listing,,Single Family Residential,281 Tordo Ct,FREMONT,CA,94539,1568000,3,2.0,FREMONT,1881,7000,1974,1,834,,Active,January-25-2020 01:30 PM,January-25-2020 04:00 PM,http://www.redfin.com/CA/Fremont/281-Tordo-Ct-94539/home/1487967,MLSListings,ML81779665,N,Y,37.5586925,-121.9466444
MLS Listing,,Townhouse,46922 Lundy Ter,Fremont,CA,94539,749000,2,1.5,Fremont,1018,,1981,1,736,340,Active,,,http://www.redfin.com/CA/Fremont/46922-Lundy-Ter-94539/home/1092914,San Francisco MLS,493932,N,Y,37.488774,-121.925261
MLS Listing,,Single Family Residential,2543 Abaca Way,Fremont,CA,94539,1299000,4,2.5,Mission,1828,4180,1971,2,711,40,Active,January-25-2020 01:00 PM,January-25-2020 04:00 PM,http://www.redfin.com/CA/Fremont/2543-Abaca-Way-94539/home/1921217,Bridge MLS,40892854,N,Y,37.539255,-121.95283
MLS Listing,,Single Family Residential,5053 Hilo St,Fremont,CA,94538,899000,4,2.0,Sundale,1324,6120,1962,2,679,,Active,January-25-2020 01:00 PM,January-25-2020 04:00 PM,http://www.redfin.com/CA/Fremont/5053-Hilo-St-94538/home/1572608,Bridge MLS,40892819,N,Y,37.5249628,-121.9803025
MLS Listing,,Single Family Residential,4436 Norocco Cir,FREMONT,CA,94555,1288000,4,2.5,FREMONT,1717,4050,1982,3,750,,Active,January-25-2020 01:00 PM,January-25-2020 04:00 PM,http://www.redfin.com/CA/Fremont/4436-Norocco-Cir-94555/home/1921739,MLSListings,ML81779560,N,Y,37.5741821,-122.048298
MLS Listing,,Single Family Residential,4432 Cordova Pl,Fremont,CA,94536,1265000,4,3.0,Cabrillo,2160,9642,1965,5,586,,Active,,,http://www.redfin.com/CA/Fremont/4432-Cordova-Pl-94536/home/1949549,Bridge MLS,40892732,N,Y,37.5609015,-122.0252527
MLS Listing,,Multi-Family (2-4 Unit),37543 Wilburn Pl,FREMONT,CA,94536,1698000,8,,FREMONT,3540,10001,1964,5,480,,Active,,,http://www.redfin.com/CA/Fremont/37543-Wilburn-Pl-94536/home/1049676,MLSListings,ML81779497,N,Y,37.5501616,-122.0096199
MLS Listing,,Single Family Residential,,Fremont,CA,94555,1150000,3,2.0,Northgate,1603,6931,1980,5,717,,Active,,,http://www.redfin.com/CA/Fremont/Undisclosed-address-94555/home/1582558,Bridge MLS,40892713,N,Y,37.5761159,-122.0338009
MLS Listing,,Single Family Residential,398 L St,Fremont,CA,94536,1599000,6,4.0,Niles,3128,8034,1985,5,511,,Active,,,http://www.redfin.com/CA/Fremont/398-L-St-94536/home/1505935,Bridge MLS,40892692,N,Y,37.5725068,-121.9754155
MLS Listing,,Single Family Residential,3049 Reynolds Ct,Fremont,CA,94536,1149800,4,2.0,Brookvale,1708,6827,1972,5,673,,Active,,,http://www.redfin.com/CA/Fremont/3049-Reynolds-Ct-94536/home/1376770,Bridge MLS,40892666,N,Y,37.5667536,-122.0058224
MLS Listing,,Single Family Residential,4118 Wakefield Loop,Fremont,CA,94536,1299800,4,3.0,Cabrillo,2160,9973,1964,5,602,,Active,,,http://www.redfin.com/CA/Fremont/4118-Wakefield-Loop-94536/home/1013055,Bridge MLS,40892631,N,Y,37.561954,-122.0191686
MLS Listing,,Townhouse,2839 Casita Ter,Fremont,CA,94539,1375000,4,3.5,Mission Area,2105,,2015,6,653,280,Active,,,http://www.redfin.com/CA/Fremont/2839-Casita-Ter-94539/home/103775927,Bridge MLS,40892551,N,Y,37.5368282,-121.9528117
MLS Listing,,Single Family Residential,34256 THORNHILL Pl,Fremont,CA,94555,1025000,3,2.0,Northgate,1290,5688,1968,6,795,,Active,,,http://www.redfin.com/CA/Fremont/34256-Thornhill-Pl-94555/home/1054551,Bridge MLS,40892517,N,Y,37.5789487,-122.0372422
MLS Listing,,Single Family Residential,356 Sandstone Dr,FREMONT,CA,94536,1189000,4,2.5,FREMONT,1789,3813,1989,6,665,,Active,,,http://www.redfin.com/CA/Fremont/356-Sandstone-Dr-94536/home/1079713,MLSListings,ML81779279,N,Y,37.5861583,-122.001625
MLS Listing,,Condo/Co-op,39331 Marbella Terraza,Fremont,CA,94538,838000,2,3.0,Alameda County,1578,,1991,6,531,445,Active,,,http://www.redfin.com/CA/Fremont/39331-Marbella-Terraza-94538/home/2033320,BAREIS,22000947,N,Y,37.558107,-121.966091
MLS Listing,,Single Family Residential,43492 Laurel Glen Cmn,FREMONT,CA,94539,1968888,5,3.5,FREMONT,2850,5936,1998,6,691,75,Active,,,http://www.redfin.com/CA/Fremont/43492-Laurel-Glen-Cmn-94539/home/1638039,MLSListings,ML81779246,N,Y,37.5289325,-121.9279559
MLS Listing,,Townhouse,34801 Canopy Ter,Fremont,CA,94555,1139900,4,3.5,North Gate,2158,,2016,6,528,205,Active,,,http://www.redfin.com/CA/Fremont/Canopy-Ter-94555/home/113968997,Bridge MLS,40892477,N,Y,37.571764,-122.033555
MLS Listing,,Single Family Residential,38063 Stenhammer Dr,Fremont,CA,94536,950000,3,2.0,Niles,1446,7440,1960,6,657,,Active,,,http://www.redfin.com/CA/Fremont/38063-Stenhammer-Dr-94536/home/2011957,Bridge MLS,40892476,N,Y,37.5836305,-121.9626194
MLS Listing,,Single Family Residential,4430 Kennett Ter,FREMONT,CA,94536,1155000,4,3.5,FREMONT,2422,1965,2016,6,477,189,Active,,,http://www.redfin.com/CA/Fremont/4430-Kennett-Ter-94536/home/109250896,MLSListings,ML81779235,N,Y,37.5528456,-122.0095114
MLS Listing,,Single Family Residential,4866 Seneca Park Ave,FREMONT,CA,94538,1390000,3,2.0,FREMONT,1285,5700,1961,7,1082,,Active,,,http://www.redfin.com/CA/Fremont/4866-Seneca-Park-Ave-94538/home/1839496,MLSListings,ML81779232,N,Y,37.5148417,-121.9682623
MLS Listing,,Condo/Co-op,5613 Impatiens Cmn,Fremont,CA,94538,699888,2,2.5,Fremont Area,1157,,1994,7,605,310,Active,,,http://www.redfin.com/CA/Fremont/5613-Impatiens-Cmn-94538/unit-53/home/1401034,Bridge MLS,40892452,N,Y,37.5230725,-121.984966
MLS Listing,,Single Family Residential,2385 Archer Ave,Fremont,CA,94536,1219000,4,3.0,Parkmont,2122,6700,1963,7,574,,Active,,,http://www.redfin.com/CA/Fremont/2385-Archer-Ave-94536/home/1061037,Bridge MLS,40892409,N,Y,37.5627718,-121.991109
MLS Listing,,Single Family Residential,35476 Morley Pl,FREMONT,CA,94536,1190000,4,2.0,FREMONT,1942,6960,1971,7,613,,Active,,,http://www.redfin.com/CA/Fremont/35476-Morley-Pl-94536/home/1013769,MLSListings,ML81779168,N,Y,37.5721093,-122.022788
MLS Listing,,Single Family Residential,446 Washburn,Fremont,CA,94536-2852,886000,3,2.0,Niles,1144,5580,1955,7,774,,Active,,,http://www.redfin.com/CA/Fremont/446-Washburn-Dr-94536/home/1636329,Bridge MLS,40892374,N,Y,37.5747994,-121.9881657
MLS Listing,,Single Family Residential,32840 Bluebird Loop,Fremont,CA,94555,950000,2,2.0,Ponderosa Cntry,1191,4086,1978,7,798,,Active,January-25-2020 01:00 PM,January-25-2020 04:00 PM,http://www.redfin.com/CA/Fremont/32840-Bluebird-Loop-94555/home/1830268,Bridge MLS,40892365,N,Y,37.5843494,-122.0614392
MLS Listing,,Townhouse,3526 Altamira Ter,FREMONT,CA,94536,897000,3,2.5,FREMONT,1519,1132,2006,7,591,225,Active,January-28-2020 11:00 AM,January-28-2020 12:30 PM,http://www.redfin.com/CA/Fremont/3526-Altamira-Ter-94536/home/2112464,MLSListings,ML81778705,N,Y,37.5609807,-122.0018958
MLS Listing,,Single Family Residential,43151 Calle Familia,Fremont,CA,94539,1499000,4,3.5,Mission San Jose,2223,1793,2016,8,674,179,Active,,,http://www.redfin.com/CA/Fremont/43151-Calle-Familia-94539/home/170219231,Bridge MLS,40892310,N,Y,37.5353524,-121.9233896
MLS Listing,,Single Family Residential,4596 GERTRUDE Dr,Fremont,CA,94536,1199999,3,2.0,Glenmoor Area,1460,6680,1960,8,822,,Active,,,http://www.redfin.com/CA/Fremont/4596-Gertrude-Dr-94536/home/1376475,Bridge MLS,40892287,N,Y,37.5417393,-121.9950955
MLS Listing,,Condo/Co-op,6462 BUENA VISTA Dr Unit B,Newark,CA,94560,548880,1,1.0,Waterford,1058,,1985,8,519,336,Active,January-26-2020 01:00 PM,January-26-2020 04:00 PM,http://www.redfin.com/CA/Newark/6462-Buena-Vista-Dr-94560/unit-B/home/1433844,Bridge MLS,40892286,N,Y,37.515334,-121.995172
MLS Listing,,Single Family Residential,44137 Boitano Dr,Fremont,CA,94539,1920000,4,3.0,Mission San Jose,2769,15309,1989,8,693,,Active,,,http://www.redfin.com/CA/Fremont/44137-Boitano-Dr-94539/home/1318629,Bridge MLS,40892263,N,Y,37.5197214,-121.9205773
MLS Listing,,Single Family Residential,2223 Jackson St,Fremont,CA,94539,999000,4,2.0,Irvington Dist.,1114,7735,1954,9,897,,Active,January-26-2020 02:00 PM,January-26-2020 05:00 PM,http://www.redfin.com/CA/Fremont/2223-Jackson-St-94539/home/1105370,Bridge MLS,40892238,N,Y,37.5331435,-121.9416004
MLS Listing,,Single Family Residential,3040 Cadman Rd,Fremont,CA,94538,945000,3,1.0,Lake Elizabeth,975,10703,1959,9,969,,Active,,,http://www.redfin.com/CA/Fremont/3040-Cadman-Rd-94538/home/1602669,Bridge MLS,40892225,N,Y,37.5423907,-121.962886
MLS Listing,,Condo/Co-op,38862 Cherry Glen Cmn #135,Fremont,CA,94536,679800,2,2.0,The Orchards,1168,,1987,11,582,395,Active,,,http://www.redfin.com/CA/Fremont/38862-Cherry-Glen-Cmn-94536/unit-135/home/533873,Bridge MLS,40892145,N,Y,37.5625359,-121.9700573
MLS Listing,,Single Family Residential,40443 Sundale Dr,FREMONT,CA,94538,949950,3,2.0,FREMONT,1152,7730,1960,12,825,,Active,,,http://www.redfin.com/CA/Fremont/40443-Sundale-Dr-94538/home/1479166,MLSListings,ML81778774,N,Y,37.5276429,-121.9775036
MLS Listing,,Single Family Residential,4589 Rousillon Pl,Fremont,CA,94555,1368888,4,3.5,Fremont,2212,9876,1986,12,619,,Active,,,http://www.redfin.com/CA/Fremont/4589-Rousillon-Pl-94555/home/1488894,Bridge MLS,40892087,N,Y,37.5681975,-122.04408
MLS Listing,,Condo/Co-op,3369 Foxtail Ter,FREMONT,CA,94536,453000,2,1.0,FREMONT,750,,1986,12,604,324,Active,,,http://www.redfin.com/CA/Fremont/3369-Foxtail-Ter-94536/home/12119477,MLSListings,ML81778727,N,Y,37.561982,-122.003385
MLS Listing,,Single Family Residential,35203 Gawain Ct,Fremont,CA,94536,1200000,4,2.0,Brookvale,2183,6234,1975,12,550,,Active,,,http://www.redfin.com/CA/Fremont/35203-Gawain-Ct-94536/home/1136958,Bridge MLS,40892043,N,Y,37.5741641,-122.0258966
MLS Listing,,Single Family Residential,160 Cavalo Ct,Fremont,CA,94539,2598000,5,4.5,Mission District,3450,5787,2020,13,753,217,Active,January-25-2020 10:00 AM,January-25-2020 04:00 PM,http://www.redfin.com/CA/Fremont/160-Cavalo-CT-94539/home/170246501,Bridge MLS,40891972,N,Y,37.5148444,-121.9131761
MLS Listing,,Vacant Land,42155 Vargas Rd,Fremont,CA,94539,699000,,,Fremont,,106007,,13,,,Active,,,http://www.redfin.com/CA/Fremont/42155-Vargas-Rd-94539/home/22651615,Bridge MLS,40891934,N,Y,37.550838,-121.917772
MLS Listing,,Single Family Residential,38551 Granville Dr,Fremont,CA,94536,1119777,3,2.0,Glenmoor Area,1474,7280,1960,13,760,15,Active,,,http://www.redfin.com/CA/Fremont/38551-Granville-Dr-94536/home/1405896,Bridge MLS,40891903,N,Y,37.5343258,-122.0093534
MLS Listing,,Condo/Co-op,3888 Invent Ter #203,FREMONT,CA,94538,1035000,3,2.0,FREMONT,1528,,2019,14,677,450,Active,,,http://www.redfin.com/CA/Fremont/3888-Invent-TER-94538/unit-203/home/170231808,MLSListings,ML81778456,N,Y,37.5042267,-121.9643745
MLS Listing,,Condo/Co-op,1030 WALNUT Ave,Fremont,CA,94536,474000,1,1.0,Downtown,895,,1984,14,530,470,Active,,,http://www.redfin.com/CA/Fremont/1030-Walnut-Ave-94536/unit-92/home/1981142,Bridge MLS,40891771,N,Y,37.5595489,-121.96933
MLS Listing,,Single Family Residential,43227 Calle Dolorosa,Fremont,CA,94539,5169000,6,5.5,Mission District,6905,19752,1928,15,749,,Active,,,http://www.redfin.com/CA/Fremont/43227-Calle-Dolorosa-94539/home/170227530,Bridge MLS,40891714,N,Y,37.535879,-121.9217723
MLS Listing,,Single Family Residential,42448 Areca Palm St,Fremont,CA,94538,2498888,4,4.5,Mission,3355,3700,2018,15,745,178,Active,January-25-2020 01:30 PM,January-25-2020 04:30 PM,http://www.redfin.com/CA/Fremont/42448-Areca-Palm-St-94539/home/168827196,Bridge MLS,40891693,N,Y,37.5379484,-121.9305547
MLS Listing,,Single Family Residential,37807 Freesia Ct,Fremont,CA,94536,2149000,6,4.5,Riverwalk,3400,6865,2000,15,632,85,Active,,,http://www.redfin.com/CA/Fremont/37807-Freesia-Ct-94536/home/1211041,Bridge MLS,40891666,N,Y,37.5661693,-121.9896538
MLS Listing,,Single Family Residential,6784 Grasshopper Ave,NEWARK,CA,94560,1772743,4,4.0,NEWARK,3679,5819,2020,16,482,142,Active,,,http://www.redfin.com/CA/Newark/Grasshopper-Ave-94560/home/168831284,MLSListings,ML81778284,N,Y,37.5134,-121.996
MLS Listing,,Condo/Co-op,45168 Tom Blalock St #206,Fremont,CA,94539,1102990,2,2.0,Warm Springs,1730,,2020,16,638,554,Active,,,http://www.redfin.com/CA/Fremont/45168-Tom-Blalock-St-94539/unit-206/home/170221002,Bridge MLS,40891619,N,Y,37.5038484,-121.9339255
MLS Listing,,Condo/Co-op,45168 Tom Blalock St #105,Fremont,CA,94539,1208490,2,2.0,Warm Springs,1680,,2020,16,719,554,Active,,,http://www.redfin.com/CA/Fremont/45168-Tom-Blalock-St-94539/unit-105/home/170220866,Bridge MLS,40891616,N,Y,37.5038484,-121.9339255
MLS Listing,,Condo/Co-op,46923 Shale Cmn #3,FREMONT,CA,94539,685000,2,2.0,FREMONT,936,,1987,17,732,310,Active,,,http://www.redfin.com/CA/Fremont/46923-Shale-Cmn-94539/unit-3/home/1922142,MLSListings,ML81778182,N,Y,37.4878751,-121.9279339
MLS Listing,,Single Family Residential,6760 Grasshopper Avenue Ave,NEWARK,CA,94560,1708413,4,4.5,NEWARK,3490,4800,2019,17,490,163,Active,,,http://www.redfin.com/CA/Newark/Grasshopper-Ave-94560/home/168831281,MLSListings,ML81778179,N,Y,37.5134,-121.996
MLS Listing,,Single Family Residential,46719 Rancho Higuera Rd,Fremont,CA,94539,1949950,4,3.0,The Valley,2290,10158,1979,17,852,,Active,January-25-2020 01:00 PM,January-25-2020 04:00 PM,http://www.redfin.com/CA/Fremont/46719-Rancho-Higuera-Rd-94539/home/1093508,Bridge MLS,40891562,N,Y,37.4955366,-121.9111757
MLS Listing,,Single Family Residential,42059 Vinha Way,Fremont,CA,94539,2418000,4,4.5,Mission District,3475,4815,2020,17,696,217,Active,January-25-2020 10:00 AM,January-25-2020 04:00 PM,http://www.redfin.com/CA/Fremont/42059-Vinha-Way-94539/home/170214943,Bridge MLS,40891546,N,Y,37.5439632,-121.9289372
MLS Listing,,Single Family Residential,347 Staircase Falls Cmn,Fremont,CA,94539,1463345,3,3.5,Warm Springs,2029,3575,2019,19,721,140,Active,,,http://www.redfin.com/CA/Fremont/347-Staircase-Falls-CMN-94539/home/170206099,Bridge MLS,40891441,N,Y,37.5148444,-121.9131761
MLS Listing,,Single Family Residential,47518 S Curtain Falls Cmn,Fremont,CA,94539,1509619,3,3.5,Warm Springs,2172,2592,2019,19,695,140,Active,,,http://www.redfin.com/CA/Fremont/47518-S-Curtain-Falls-CMN-94539/home/170204946,Bridge MLS,40891437,N,Y,37.5148444,-121.9131761
MLS Listing,,Condo/Co-op,47112 Warm Springs Blvd #109,FREMONT,CA,94539,629000,2,1.0,FREMONT,900,,1982,33,699,454,Active,,,http://www.redfin.com/CA/Fremont/47112-Warm-Springs-Blvd-94539/unit-109/home/1382636,MLSListings,ML81777637,N,Y,37.4860359,-121.9263467
MLS Listing,,Single Family Residential,44050 Linda Vista Rd,FREMONT,CA,94539,2599888,5,3.5,FREMONT,4158,23504,1995,37,625,,Active,January-25-2020 01:00 PM,January-25-2020 04:00 PM,http://www.redfin.com/CA/Fremont/44050-Linda-Vista-Rd-94539/home/1300571,MLSListings,ML81777397,N,Y,37.523935,-121.9134873
MLS Listing,,Single Family Residential,39021 Mission Blvd,Fremont,CA,94539,1200000,7,2.0,Fremont,2000,12052,1953,43,600,,Active,,,http://www.redfin.com/CA/Fremont/39021-Mission-Blvd-94539/home/2023686,Bridge MLS,40890512,N,Y,37.5651138,-121.9615778
MLS Listing,,Townhouse,27 Sea Crest Ter,FREMONT,CA,94536,855000,3,2.5,FREMONT,1705,1950,1988,47,501,324,Active,,,http://www.redfin.com/CA/Fremont/27-Sea-Crest-Ter-94536/home/1074863,MLSListings,ML81776879,N,Y,37.570525,-121.966951
MLS Listing,,Single Family Residential,3673 Bobwhite Ter,Fremont,CA,94555,1250000,4,2.5,Fallbrook,1853,3240,1989,48,675,260,Active,,,http://www.redfin.com/CA/Fremont/3673-Bobwhite-Ter-94555/home/534436,Bridge MLS,40890233,N,Y,37.5818362,-122.0480211
MLS Listing,,Single Family Residential,41224 Fremont Blvd,Fremont,CA,94538-0000,698000,2,1.0,Irvington Area,1,4860,1940,50,698000,,Active,,,http://www.redfin.com/CA/Fremont/41224-Fremont-Blvd-94538/home/170002920,Bridge MLS,40890075,N,Y,37.5302558,-121.9583982
MLS Listing,,Condo/Co-op,1849 Kilowatt Way #101,Fremont,CA,94539,1596141,4,3.5,Warm Springs,2460,,2020,50,649,560,Active,,,http://www.redfin.com/CA/Fremont/1849-Kilowatt-WAY-94539/unit-101/home/168730927,Bridge MLS,40890071,N,Y,37.501322,-121.934804
MLS Listing,,Condo/Co-op,1951 Chroma Cmn #302,Fremont,CA,94539,1529966,3,2.5,Warm Springs,1890,,2019,50,810,560,Active,,,http://www.redfin.com/CA/Fremont/1951-Chroma-Cmn-94539/unit-302/home/170002221,Bridge MLS,40890062,N,Y,37.501322,-121.934804
MLS Listing,,Townhouse,39118 Memorial St,Fremont,CA,94538,948000,3,3.0,Fremont,1411,,2019,60,672,238,Active,,,http://www.redfin.com/CA/Fremont/39118-Memorial-St-94538/home/169933343,Bridge MLS,40889684,N,Y,37.5482504,-121.9849397
MLS Listing,,Single Family Residential,38660 Canyon Heights Dr,Fremont,CA,94536,1249000,4,3.0,Niles Area,2186,8002,1977,61,571,,Active,,,http://www.redfin.com/CA/Fremont/38660-Canyon-Heights-Dr-94536/home/563226,Bridge MLS,40889644,N,Y,37.5738223,-121.958887
MLS Listing,,Condo/Co-op,49080 Meadowfaire #300,Fremont,CA,94539,749800,2,2.0,Fremont,1087,17889,2005,61,690,225,Active,,,http://www.redfin.com/CA/Fremont/49080-Meadowfaire-Cmn-94539/unit-300/home/2112573,CRMLS,PW19270186,N,Y,37.4610965,-121.9133576
MLS Listing,,Mobile/Manufactured Home,711 Old Canyon Rd #36,Fremont,CA,94536,198000,2,2.0,Fremont,1344,,,66,147,,Active,,,http://www.redfin.com/CA/Fremont/711-Old-Canyon-Rd-94536/unit-36/home/22055709,Bridge MLS,40889225,N,Y,37.5785475,-121.9670075
MLS Listing,,Single Family Residential,331 Tangelo Ct,Fremont,CA,94539,2398000,4,4.5,Mission Area,3625,6900,2019,67,662,156,Active,,,http://www.redfin.com/CA/Fremont/331-Tangelo-Ct-94539/home/112886566,Bridge MLS,40889173,N,Y,37.5393583,-121.9272639
MLS Listing,,Single Family Residential,43135 Calle Sagrada,Fremont,CA,94539,1619000,4,3.5,Mission,2277,1377,2019,68,711,179,Active,,,http://www.redfin.com/CA/Fremont/43135-Calle-Sagrada-94539/home/167269115,Bridge MLS,40889056,N,Y,37.534834,-121.922526
MLS Listing,,Mobile/Manufactured Home,711 Old Canyon Rd #101,Fremont,CA,94536,156000,2,2.0,Fremont,1344,,,69,116,,Active,,,http://www.redfin.com/CA/Fremont/711-Old-Canyon-Rd-94536/unit-101/home/45369265,Bridge MLS,40889005,N,Y,37.5785475,-121.9670075
MLS Listing,,Townhouse,39132 Memorial St,Fremont,CA,94538,1146000,4,4.0,Fremont,1790,,2019,70,640,238,Active,,,http://www.redfin.com/CA/Fremont/39132-Memorial-St-94538/home/169792365,Bridge MLS,40888897,N,Y,37.548239118,-121.984844
MLS Listing,,Mobile/Manufactured Home,63 Delta Ter,Fremont,CA,94538,220000,3,2.0,Fremont,944,,,71,233,,Active,,,http://www.redfin.com/CA/Fremont/63-Delta-Ter-94538/home/1241257,Bridge MLS,40888754,N,Y,37.5109462,-121.9611284
MLS Listing,,Condo/Co-op,47112 WARM SPRINGS Blvd #107,Fremont,CA,94539,639995,2,1.0,Fremont,900,,1982,72,711,454,Active,,,http://www.redfin.com/CA/Fremont/47112-Warm-Springs-Blvd-94539/unit-107/home/1737547,MLSListings,ML81775207,N,Y,37.4860359,-121.9263467
MLS Listing,,Condo/Co-op,2348 Kinetic Cmn #104,Fremont,CA,94539,1202190,2,2.0,Warm Springs,1730,,2020,79,695,554,Active,,,http://www.redfin.com/CA/Fremont/2348-Kinetic-Cmn-94539/unit-104/home/169648979,Bridge MLS,40888048,N,Y,37.501322,-121.934804
MLS Listing,,Condo/Co-op,2348 Kinetic Cmn #103,Fremont,CA,94539,1104190,2,2.0,Warm Springs,1730,,2020,79,638,554,Active,,,http://www.redfin.com/CA/Fremont/2348-Kinetic-Cmn-94539/unit-103/home/169648969,Bridge MLS,40888045,N,Y,37.501322,-121.934804
MLS Listing,,Condo/Co-op,2348 Kinetic Cmn #304,Fremont,CA,94539,1515190,3,3.5,Warm Springs,2479,,2019,79,611,554,Active,,,http://www.redfin.com/CA/Fremont/2348-Kinetic-Cmn-94539/unit-304/home/169648959,Bridge MLS,40888041,N,Y,37.5049683,-121.9350756
MLS Listing,,Condo/Co-op,2358 Velocity Cmn #300,Fremont,CA,94539,1673990,3,3.5,Warm Springs,3027,,2020,79,553,554,Active,,,http://www.redfin.com/CA/Fremont/2358-Velocity-Cmn-94539/unit-300/home/169648920,Bridge MLS,40888040,N,Y,37.5048305,-121.9356181
MLS Listing,,Mobile/Manufactured Home,711 Old Canyon Rd #28,Fremont,CA,94536-1763,130000,2,1.0,Fremont,760,,,79,171,,Active,,,http://www.redfin.com/CA/Fremont/711-Old-Canyon-Rd-94536/unit-28/home/40455229,Bridge MLS,40888004,N,Y,37.5785475,-121.9670075
MLS Listing,,Single Family Residential,3173 Washington Blvd,FREMONT,CA,94539,1395000,3,2.0,FREMONT,1166,18245,1906,81,1196,,Active,,,http://www.redfin.com/CA/Fremont/3173-Washington-Blvd-94539/home/1769115,MLSListings,ML81774459,N,Y,37.5340015,-121.9510661
MLS Listing,,Condo/Co-op,189 Mohave Cmn,Fremont,CA,94539,729950,2,2.0,Warm Springs,1200,,1986,84,608,375,Active,,,http://www.redfin.com/CA/Fremont/189-Mohave-Cmn-94539/unit-41/home/1952608,Bridge MLS,40887581,N,Y,37.491992,-121.925273
MLS Listing,,Condo/Co-op,39784 Bissy Cmn,Fremont,CA,94538,619000,2,2.0,Fremont Woods,1067,,1980,84,580,455,Active,,,http://www.redfin.com/CA/Fremont/39784-Bissy-Cmn-94538/home/1453163,Bridge MLS,40887483,N,Y,37.5422895,-121.9783232
MLS Listing,,Townhouse,5918 Via Lugano,Fremont,CA,94555,859000,2,2.5,Fremont,1246,,2012,85,689,231,Active,January-25-2020 01:00 PM,January-25-2020 04:00 PM,http://www.redfin.com/CA/Fremont/5918-Via-Lugano-94555/home/17184948,Bridge MLS,40887373,N,Y,37.5609576,-122.0624198
MLS Listing,,Single Family Residential,3392 Monte Sereno Ter,Fremont,CA,94539,3500000,5,4.5,Avalon,4227,25268,1997,90,828,297,Active,,,http://www.redfin.com/CA/Fremont/3392-Monte-Sereno-Ter-94539/home/1351881,Bridge MLS,40886954,N,Y,37.4788438,-121.900395
MLS Listing,,Vacant Land,138 Telles Ln,Fremont,CA,94539,1890000,,,Fremont,,14781,,93,,,Active,,,http://www.redfin.com/CA/Fremont/138-Telles-Ln-94539/home/40086889,Bridge MLS,40886599,N,Y,37.53685,-121.920401
MLS Listing,,Condo/Co-op,3658 Capitol Ave Unit 312 A,Fremont,CA,94538,1038000,3,3.5,Fremont,2013,10,2019,94,516,672,Active,,,http://www.redfin.com/CA/Fremont/3658-Capitol-Ave-94538/unit-312-A/home/169489389,Bridge MLS,40886562,N,Y,37.5495854,-121.9849861
MLS Listing,,Single Family Residential,44529 Vista Grande Ct,Fremont,CA,94539-3224,8800000,5,6.5,Mission San Jose,9931,55756,2015,95,886,101,Active,,,http://www.redfin.com/CA/Fremont/44529-Vista-Grande-Ct-94539/home/22656348,Bridge MLS,40886518,N,Y,37.5178017,-121.9089529
MLS Listing,,Single Family Residential,37884 3Rd St,Fremont,CA,94536,1200000,5,4.0,Niles,2688,5000,1930,98,446,,Active,,,http://www.redfin.com/CA/Fremont/37884-3rd-St-94536/home/1300278,Bridge MLS,40886028,N,Y,37.5744899,-121.9772815
MLS Listing,,Mobile/Manufactured Home,318 Winnipeg Grn,Fremont,CA,94538,250000,3,2.0,Fremont,1440,,,98,174,,Active,,,http://www.redfin.com/CA/Fremont/318-Winnipeg-Grn-94538/home/40086833,Bridge MLS,40886022,N,Y,37.5121528,-121.9529355
MLS Listing,,Single Family Residential,45901 Hidden Valley Ter,Fremont,CA,94539,4680000,4,5.5,Hidden Valley,5000,35164,1997,98,936,333,Active,,,http://www.redfin.com/CA/Fremont/45901-Hidden-Valley-Ter-94539/home/2043657,Bridge MLS,40885993,N,Y,37.502742,-121.9121537
MLS Listing,,Condo/Co-op,4972 Bridgepointe Pl,Union City,CA,94587,499000,2,1.5,Bridgepointe,888,,1985,105,562,378,Active,,,http://www.redfin.com/CA/Union-City/4972-Bridgepointe-Pl-94587/unit-68/home/1859353,Bridge MLS,40885200,N,Y,37.566625,-122.06893
MLS Listing,,Single Family Residential,3101 Driscoll Rd,Fremont,CA,94539,4288888,9,5.0,Mission Area,6100,27705,1850,111,703,,Active,,,http://www.redfin.com/CA/Fremont/3101-Driscoll-Rd-94539/home/1042112,Bridge MLS,40884587,N,Y,37.5359628,-121.9535102
MLS Listing,,Condo/Co-op,44868 Fremont Blvd #200,Fremont,CA,94538,885000,2,2.0,Fremont,1279,,2019,118,692,456,Active,,,http://www.redfin.com/CA/Fremont/44868-Fremont-Blvd-94538/unit-200/home/169116526,Bridge MLS,40883809,N,Y,37.50193,-121.947987
MLS Listing,,Condo/Co-op,132 Hackamore Ln,Fremont,CA,94539,625000,2,2.0,Warm Springs,740,,1983,123,845,414,Active,,,http://www.redfin.com/CA/Fremont/132-Hackamore-Ln-94539/home/1090128,Bridge MLS,40883238,N,Y,37.4854584,-121.9256018
MLS Listing,,Vacant Land,1981 Mandan Ct,FREMONT,CA,94539,1185000,,,FREMONT,,16734,,127,,,Active,,,http://www.redfin.com/CA/Fremont/1981-Mandan-Ct-94539/home/22704791,MLSListings,ML81768996,N,Y,37.506109,-121.93396
MLS Listing,,Multi-Family (2-4 Unit),38870 Bell St,Fremont,CA,94536,1800000,8,4.0,Fremont,4199,7551,1970,131,429,,Active,,,http://www.redfin.com/CA/Fremont/38870-Bell-St-94536/home/1306693,Bridge MLS,40882124,N,Y,37.5484293,-121.9903646
MLS Listing,,Vacant Land,2539 Washington Blvd,Fremont,CA,94539,999000,,,Fremont,,11428,,132,,,Active,,,http://www.redfin.com/CA/Fremont/2539-Washington-Blvd-94539/home/22961614,Bridge MLS,40882001,N,Y,37.532458,-121.944699
MLS Listing,,Single Family Residential,177 MISSION Rd,Fremont,CA,94539,2220000,5,5.5,Mission San Jose,4100,6500,2011,134,541,188,Active,January-26-2020 01:00 PM,January-26-2020 04:00 PM,http://www.redfin.com/CA/Fremont/177-Mission-Rd-94539/home/22962601,Bridge MLS,40881547,N,Y,37.5413926,-121.9226665
MLS Listing,,Condo/Co-op,96 Zenith Cmn,FREMONT,CA,94539,999000,4,3.5,FREMONT,1848,,2019,138,541,352,Active,,,http://www.redfin.com/CA/FREMONT/96-ZENITH-CMN-94539/home/168826988,MLSListings,ML81767615,N,Y,37.560795,-121.958744
MLS Listing,,Vacant Land,1298 Niles Canyon Rd,Fremont,CA,94536,379000,,,Fremont,,130680,,139,,,Active,,,http://www.redfin.com/CA/Fremont/1298-Niles-Canyon-Rd-94536/home/22724986,Bridge MLS,40880963,N,Y,37.5873689,-121.9614919
MLS Listing,,Single Family Residential,32998 Lake Michigan St,Fremont,CA,94555,925000,4,2.0,Fremont,1444,3440,1971,146,641,,Active,,,http://www.redfin.com/CA/Fremont/32998-Lake-Michigan-St-94555/home/1130324,Bridge MLS,40880095,N,Y,37.5851724,-122.0568666
MLS Listing,,Single Family Residential,379 Tufa Falls Ter,Fremont,CA,94539,1557664,3,3.5,Warm Springs,2260,3776,2019,156,689,500,Active,,,http://www.redfin.com/CA/Fremont/379-Falls-Ter-94555/home/168684082,Bridge MLS,40878870,N,Y,37.561298,-122.0496177
MLS Listing,,Mobile/Manufactured Home,711 Old Canyon Rd #91,Fremont,CA,94536,128000,2,2.0,Fremont,1152,,,169,111,,Active,,,http://www.redfin.com/CA/Fremont/711-Old-Canyon-Rd-94536/unit-91/home/40011865,Bridge MLS,40877267,N,Y,37.5785475,-121.9670075
MLS Listing,,Condo/Co-op,3658 Capitol Ave Unit 404A,Fremont,CA,94538,928000,3,2.0,Fremont,1433,,2019,178,648,630,Active,,,http://www.redfin.com/CA/Fremont/3658-Capitol-Ave-94538/unit-404A/home/167737094,Bridge MLS,40876183,N,Y,37.5495854,-121.9849861
MLS Listing,,Single Family Residential,350 Mayhews Rd,Fremont,CA,94536,3800000,3,2.0,Niles,1752,9648322,1950,182,2169,,Active,,,http://www.redfin.com/CA/Fremont/350-Mayhews-Rd-94536/home/1300396,Bridge MLS,40875624,N,Y,37.586076,-121.978454
MLS Listing,,Condo/Co-op,3768 Capitol Ave Unit 417B,Fremont,CA,94538,818000,2,2.0,Fremont,1109,,2019,182,738,563,Active,,,http://www.redfin.com/CA/Fremont/3768-Capitol-Ave-94538/unit-417B/home/167908754,Bridge MLS,40875603,N,Y,37.5492154,-121.985288
MLS Listing,,Single Family Residential,2465 TECADO Ter,Fremont,CA,94539,10860000,6,8.0,Mission Area,12075,900820,1993,198,899,,Active,,,http://www.redfin.com/CA/Fremont/2465-Tecado-Ter-94539/home/1077936,Bridge MLS,40873183,N,Y,37.564997,-121.922377
MLS Listing,,Vacant Land,45900 hidden valley Ter,FREMONT,CA,94539,1900000,,,FREMONT,,96703,,201,,2000,Active,,,http://www.redfin.com/CA/Fremont/45900-Hidden-Valley-Ter-94539/home/22704088,MLSListings,ML81759261,N,Y,37.50304,-121.910061
MLS Listing,,Single Family Residential,565 Majestic Palm Ave,FREMONT,CA,94539,2169900,4,4.5,FREMONT,3621,6000,2019,216,599,211,Active,,,http://www.redfin.com/CA/Fremont/Majestic-Palm-Ave-94539/home/168827175,MLSListings,ML81757486,N,Y,37.5359,-121.9243
MLS Listing,,Condo/Co-op,221 Bridalveil Falls Cmn Unit 101H,Fremont,CA,94539,799990,2,2.5,Warm Springs,1496,,2019,238,535,550,Active,,,http://www.redfin.com/CA/Fremont/221-Bridalveil-Falls-Common-94539/unit-101h/home/170214877,Bridge MLS,40867691,N,Y,37.4843,-121.92841
MLS Listing,,Condo/Co-op,161 Bridalveil Falls Cmn Unit 101B,Fremont,CA,94539,963265,2,2.0,Warm Springs,1515,1,2019,238,636,550,Active,,,http://www.redfin.com/CA/Fremont/161-Bridalveil-Falls-Common-94539/unit-101b/home/170214878,Bridge MLS,40867689,N,Y,37.4843,-121.92841
MLS Listing,,Condo/Co-op,587 Hollow Falls Cmn Unit 19A,Fremont,CA,94539,1270188,3,3.5,Warm Springs,2154,,2019,238,590,533,Active,,,http://www.redfin.com/CA/Fremont/587-Hallow-Falls-Common-94539/unit-19a/home/169935937,Bridge MLS,40867684,N,Y,37.4843,-121.92841
MLS Listing,,Single Family Residential,4747 Hansen Ave,Fremont,CA,94536,1149000,3,3.0,Centerville,2200,10005,1900,261,522,,Active,,,http://www.redfin.com/CA/Fremont/4747-Hansen-Ave-94536/home/1437699,Bridge MLS,40864346,N,Y,37.549276,-122.0155269
MLS Listing,,Condo/Co-op,40700 Fremont Lot 50 L/W,Fremont,CA,94538,1055390,3,4.0,Irvington Dist.,2126,1037,2019,316,496,293,Active,,,http://www.redfin.com/CA/Fremont/40700-Fremont-94538/unit-50-L-W/home/160672667,Bridge MLS,40856411,N,Y,37.5042267,-121.9643745
MLS Listing,,Single Family Residential,595 Majestic Palm Ave,FREMONT,CA,94539,2159900,4,4.5,FREMONT,3742,6469,2019,320,577,211,Active,,,http://www.redfin.com/CA/Fremont/Majestic-Palm-Ave-94539/home/168827172,MLSListings,ML81741960,N,Y,37.537676,-121.930291
MLS Listing,,Single Family Residential,42047 Paseo Padre Pkwy,Fremont,CA,94539,1680000,4,2.0,Mission Valley,2028,6868,1973,354,828,,Active,,,http://www.redfin.com/CA/Fremont/42047-Paseo-Padre-Pkwy-94539/home/1690986,Bridge MLS,40851995,N,Y,37.5354223,-121.938822
MLS Listing,,Vacant Land,4440 Decoto Rd,Fremont,CA,94555,6200000,,,Fremont,,31000,,492,,,Active,,,http://www.redfin.com/CA/Fremont/4440-Decoto-Rd-94555/home/1135930,Bridge MLS,40838903,N,Y,37.567086,-122.0353951
MLS Listing,,Vacant Land,0 Mill Creek Rd,Fremont,CA,94539,2200000,,,Fremont,,5460246,,897,,,Active,,,http://www.redfin.com/CA/Fremont/0-Mill-Creek-Rd-94539/home/134326308,Bridge MLS,40792580,N,Y,37.541702,-121.9072795
New Construction Home,,Townhouse,40740 Fremont Blvd,Fremont,CA,94538,969990,3,4.0,Boulevard Heights,2126,,2020,1,456,,Active,,,http://www.redfin.com/CA/Fremont/40740-Fremont-Blvd-94538/home/170363108,NewHomeSource.com,1805426,N,Y,37.535351,-121.962753
New Construction Home,,Townhouse,37315 Gosling Ter,Fremont,CA,94536,860981,3,3.0,Renato,1436,,2020,1,600,,Active,,,http://www.redfin.com/CA/Fremont/Unknown-94536/home/168824057,NewHomeSource.com,1805430,N,Y,37.556708,-122.008477
New Construction Home,,Townhouse,4121 Peralta Blvd,Fremont,CA,94536,907425,3,3.0,Renato,1441,,2020,1,630,,Active,,,http://www.redfin.com/CA/Fremont/4121-Peralta-Blvd-94536/home/167266844,NewHomeSource.com,1805431,N,Y,37.55702,-122.007991
New Construction Home,,Townhouse,37301 Maple St,Fremont,CA,94536,941332,3,3.0,Renato,1774,,2020,1,531,,Active,,,http://www.redfin.com/CA/Fremont/37301-Maple-St-94536/home/168824063,NewHomeSource.com,1805432,N,Y,37.5576527,-122.0085925
New Construction Home,,Condo/Co-op,87 Zenith Cmn,Fremont,CA,94539,799900,2,2.0,Apex at Mission Stevenson,1248,,2020,7,641,,Active,,,http://www.redfin.com/CA/FREMONT/87-ZENITH-CMN-94539/home/168826981,NewHomeSource.com,1798368,N,Y,37.561002,-121.958804
New Construction Home,,Townhouse,40769 Squill Cmn Model,Fremont,CA,94538,939990,2,2.5,Boulevard Heights,1439,,2020,7,653,,Active,,,http://www.redfin.com/CA/Fremont/40769-Squill-Cmn-94538/home/170301782,NewHomeSource.com,1798802,N,Y,37.535351,-121.962753
New Construction Home,,Single Family Residential,347 Staircase Falls Common | Lot 32,Fremont,CA,94539,1463345,3,4.0,Enclave at Mission Falls | A 55+ Community,2029,,2020,17,721,,Active,,,http://www.redfin.com/CA/Fremont/347-Staircase-Falls-Common-94539/unit-32/home/170214881,NewHomeSource.com,1794069,N,Y,37.4843,-121.92841
New Construction Home,,Single Family Residential,389 Tufa Falls Terrace | Lot 21,Fremont,CA,94539,1504889,3,4.0,Enclave at Mission Falls | A 55+ Community,2172,,2020,17,693,,Active,,,http://www.redfin.com/CA/Fremont/389-Falls-Ter-94555/unit-21/home/170214880,NewHomeSource.com,1794070,N,Y,37.4843,-121.92841
New Construction Home,,Multi-Family (2-4 Unit),171 Bridalveil Falls Common | Lot 101c,Fremont,CA,94539,951498,2,2.0,Enclave at Mission Falls | A 55+ Community,1496,,2020,17,636,,Active,,,http://www.redfin.com/CA/Fremont/171-Bridalveil-Falls-Common-94539/unit-101c/home/170214879,NewHomeSource.com,1794073,N,Y,37.4843,-121.92841
New Construction Home,,Townhouse,44808 Fremont Blvd Unit 1004 Bl4,Fremont,CA,94538,929070,2,2.5,Innovation - Revo,1502,,2019,25,619,,Active,,,http://www.redfin.com/CA/Fremont/44808-Fremont-Blvd-94538/unit-1004-Bl4/home/170173400,NewHomeSource.com,1789914,N,Y,37.5028,-121.946
New Construction Home,,Condo/Co-op,39429 Mission Blvd,Fremont,CA,94539,1199900,4,3.5,Apex at Mission Stevenson,1848,,2019,55,649,,Active,,,http://www.redfin.com/CA/Fremont/39429-Mission-Blvd-94539/home/168826996,NewHomeSource.com,1773795,N,Y,37.5612552,-121.9581325
New Construction Home,,Condo/Co-op,39425 Mission Blvd,Fremont,CA,94539,924900,2,2.0,Apex at Mission Stevenson,1248,,2019,55,741,,Active,,,http://www.redfin.com/CA/Fremont/39425-Mission-Blvd-94539/home/168826995,NewHomeSource.com,1773799,N,Y,37.561336,-121.958113
New Construction Home,,Condo/Co-op,39421 Mission Blvd,Fremont,CA,94539,849900,2,2.0,Apex at Mission Stevenson,1023,,2019,55,831,,Active,,,http://www.redfin.com/CA/Fremont/39421-Mission-Blvd-94539/home/168826994,NewHomeSource.com,1773800,N,Y,37.561353,-121.958164
New Construction Home,,Multi-Family (2-4 Unit),567 Hallow Falls Common | Lot 19c,Fremont,CA,94539,1337686,3,4.0,Enclave at Mission Falls | A 55+ Community,2251,,2019,59,594,,Active,,,http://www.redfin.com/CA/Fremont/567-Hallow-Falls-Common-94539/unit-19c/home/169935939,NewHomeSource.com,1769846,N,Y,37.4843,-121.92841
New Construction Home,,Multi-Family (2-4 Unit),547 Hallow Falls Common | Lot 19e,Fremont,CA,94539,1371723,3,4.0,Enclave at Mission Falls | A 55+ Community,2251,,2019,59,609,,Active,,,http://www.redfin.com/CA/Fremont/547-Hallow-Falls-Common-94539/unit-19e/home/169935938,NewHomeSource.com,1769847,N,Y,37.4843,-121.92841
New Construction Home,,Single Family Residential,39906 Waxwing Dr,Newark,CA,94560,1482810,5,3.0,Primrose at Sanctuary Village,2494,,2019,64,595,,Active,,,http://www.redfin.com/CA/Newark/Waxwing-Dr-94560/home/168831419,NewHomeSource.com,1765556,N,Y,37.512673,-121.995374
New Construction Home,,Condo/Co-op,44899 Challenge Cmn Unit 400,Fremont,CA,94538,929600,2,2.0,Theory at Innovation,1279,,2019,71,727,,Active,,,http://www.redfin.com/CA/Fremont/44899-Challenge-Cmn-94539/unit-400/home/169780622,NewHomeSource.com,1760792,N,Y,37.501344,-121.947996
New Construction Home,,Condo/Co-op,3888 Invent Ter Unit 201,Fremont,CA,94538,890748,2,2.0,Theory at Innovation,1279,,2019,71,696,,Active,,,http://www.redfin.com/CA/Fremont/3888-Invent-TER-94538/unit-201/home/169780621,NewHomeSource.com,1760793,N,Y,37.504227,-121.964375
New Construction Home,,Condo/Co-op,44899 Challenge Cmn Unit 203,Fremont,CA,94538,955164,3,2.0,Theory at Innovation,1479,,2019,71,646,,Active,,,http://www.redfin.com/CA/Fremont/44899-Challenge-Cmn-94539/unit-203/home/169780619,NewHomeSource.com,1760795,N,Y,37.501344,-121.947996
New Construction Home,,Condo/Co-op,44899 Challenge Cmn Unit 303,Fremont,CA,94538,956092,3,2.0,Theory at Innovation,1479,,2019,71,646,,Active,,,http://www.redfin.com/CA/Fremont/44899-Challenge-Cmn-94539/unit-303/home/169780617,NewHomeSource.com,1760796,N,Y,37.501344,-121.947996
New Construction Home,,Condo/Co-op,3888 Invent Ter Unit 402,Fremont,CA,94538,999618,3,2.0,Theory at Innovation,1479,,2019,71,676,,Active,,,http://www.redfin.com/CA/Fremont/3888-Invent-TER-94538/unit-402/home/169780616,NewHomeSource.com,1760797,N,Y,37.504227,-121.964375
New Construction Home,,Condo/Co-op,3888 Invent Ter Unit 200,Fremont,CA,94538,1062565,3,2.5,Theory at Innovation,1701,,2019,71,625,,Active,,,http://www.redfin.com/CA/Fremont/3888-Invent-TER-94538/unit-200/home/169780615,NewHomeSource.com,1760798,N,Y,37.504227,-121.964375
New Construction Home,,Condo/Co-op,3888 Invent Ter Unit 400,Fremont,CA,94538,1095888,3,2.5,Theory at Innovation,1701,,2019,71,644,,Active,,,http://www.redfin.com/CA/Fremont/3888-Invent-TER-94538/unit-400/home/169780614,NewHomeSource.com,1760799,N,Y,37.504227,-121.964375
New Construction Home,,Condo/Co-op,42111 Osgood Rd. 418,Fremont,CA,94539,817040,3,3.0,Savant at Irvington,1356,,2019,87,603,,Active,,,http://www.redfin.com/CA/Fremont/42111-Osgood-Rd-94539/unit-418/home/169430718,NewHomeSource.com,1753594,N,Y,37.5279781,-121.951188
New Construction Home,,Condo/Co-op,42111 Osgood Rd. 322,Fremont,CA,94539,630242,2,2.0,Savant at Irvington,906,,2019,88,696,,Active,,,http://www.redfin.com/CA/Fremont/42111-Osgood-Rd-94539/unit-322/home/169430838,NewHomeSource.com,1753004,N,Y,37.5279781,-121.951188
New Construction Home,,Condo/Co-op,42111 Osgood Rd. 230,Fremont,CA,94539,793564,3,2.0,Savant at Irvington,1154,,2019,88,688,,Active,,,http://www.redfin.com/CA/Fremont/44047-Osgood-Rd-94539/home/170028961,NewHomeSource.com,1753042,N,Y,37.510679,-121.9405498
New Construction Home,,Single Family Residential,379 Tufa Falls Terrace | Lot 20,Fremont,CA,94539,1557664,3,4.0,Enclave at Mission Falls | A 55+ Community,2260,,2019,104,689,,Active,,,http://www.redfin.com/CA/Fremont/379-Falls-Ter-94555/unit-20/home/169385090,NewHomeSource.com,1740838,N,Y,37.5613,-122.05
New Construction Home,,Condo/Co-op,45128 Warm Springs Blvd,Fremont,CA,94539,982595,2,2.0,Westbourne Park at Metro Crossing,1300,,2019,112,756,,Active,,,http://www.redfin.com/CA/Fremont/45128-Warm-Springs-Blvd-94539/unit-107/home/146163332,NewHomeSource.com,1736770,N,Y,37.5034582,-121.9356821
New Construction Home,,Townhouse,4119 Peralta Blvd,Fremont,CA,94536,984990,3,3.0,Renato,1652,,2019,126,596,,Active,,,http://www.redfin.com/CA/Fremont/4119-Peralta-Blvd-94536/home/167266845,NewHomeSource.com,1711534,N,Y,37.557054,-122.007966
New Construction Plan,,Condo/Co-op,Residence 2,Fremont,CA,94539,799900,2,2.0,Apex at Mission Stevenson,1248,,,,641,,Active,,,http://www.redfin.com/CA/Fremont/Apex-at-Mission-Stevenson/Residence-2/home/170305902,NewHomeSource.com,Plan-111737341,N,Y,37.5607943,-121.9587139
New Construction Plan,,Condo/Co-op,Residence 1,Fremont,CA,94539,785900,2,2.0,Apex at Mission Stevenson,1023,,,,768,,Active,,,http://www.redfin.com/CA/Fremont/Apex-at-Mission-Stevenson/Residence-1/home/170305901,NewHomeSource.com,Plan-111737342,N,Y,37.5607943,-121.9587139
New Construction Plan,,Single Family Residential,Floorplan 1,Fremont,CA,94539,2398000,4,4.5,Mission Creek,3625,,,,662,,Active,,,http://www.redfin.com/CA/Fremont/Mission-Creek/Floorplan-1/home/170352642,NewHomeSource.com,Plan-111257004,N,Y,37.5393583,-121.9272639
New Construction Plan,,Single Family Residential,Plan 2 Modeled,Newark,CA,94560,1370000,4,3.0,Primrose at Sanctuary Village,2299,,,,596,,Active,,,http://www.redfin.com/CA/Newark/Primrose-at-Sanctuary-Village/Plan-2-Modeled/home/167145240,NewHomeSource.com,Plan-111589922,N,Y,37.512673,-121.995374
New Construction Plan,,Condo/Co-op,R-1X,Fremont,CA,94539,1391995,3,2.5,Russell Square at Metro Crossing,1888,,,,737,,Active,,,http://www.redfin.com/CA/Fremont/Russell-Square-at-Metro-Crossing/R-1X/home/170300380,NewHomeSource.com,Plan-111461751,N,Y,37.501322,-121.934804
New Construction Plan,,Condo/Co-op,R-2,Fremont,CA,94539,1529995,3,2.5,Russell Square at Metro Crossing,2097,,,,730,,Active,,,http://www.redfin.com/CA/Fremont/Russell-Square-at-Metro-Crossing/R-2/home/170300379,NewHomeSource.com,Plan-111461752,N,Y,37.501322,-121.934804
New Construction Plan,,Condo/Co-op,R-2X,Fremont,CA,94539,1549995,3,2.5,Russell Square at Metro Crossing,2135,,,,726,,Active,,,http://www.redfin.com/CA/Fremont/Russell-Square-at-Metro-Crossing/R-2X/home/170175373,NewHomeSource.com,Plan-111461753,N,Y,37.501322,-121.934804
New Construction Plan,,Condo/Co-op,R-1,Fremont,CA,94539,1371995,3,2.5,Russell Square at Metro Crossing,1847,,,,743,,Active,,,http://www.redfin.com/CA/Fremont/Russell-Square-at-Metro-Crossing/R-1/home/170230721,NewHomeSource.com,Plan-111461750,N,Y,37.501322,-121.934804
New Construction Plan,,Condo/Co-op,Residence 3,Fremont,CA,94539,915900,3,2.5,Apex at Mission Stevenson,1591,,,,576,,Active,,,http://www.redfin.com/CA/Fremont/Apex-at-Mission-Stevenson/Residence-3/home/170353345,NewHomeSource.com,Plan-111737340,N,Y,37.5607943,-121.9587139
New Construction Plan,,Condo/Co-op,R-3X,Fremont,CA,94539,1562995,4,3.5,Russell Square at Metro Crossing,2493,,,,627,,Active,,,http://www.redfin.com/CA/Fremont/Russell-Square-at-Metro-Crossing/R-3X/home/170215008,NewHomeSource.com,Plan-111461749,N,Y,37.501322,-121.934804
New Construction Plan,,Single Family Residential,Plan 1 Modeled,Newark,CA,94560,1325000,4,3.0,Primrose at Sanctuary Village,2068,,,,641,,Active,,,http://www.redfin.com/CA/Newark/Primrose-at-Sanctuary-Village/Plan-1-Modeled/home/167145239,NewHomeSource.com,Plan-111596848,N,Y,37.512673,-121.995374
New Construction Plan,,Condo/Co-op,R-3,Fremont,CA,94539,1542995,4,3.5,Russell Square at Metro Crossing,2453,,,,629,,Active,,,http://www.redfin.com/CA/Fremont/Russell-Square-at-Metro-Crossing/R-3/home/170213447,NewHomeSource.com,Plan-111461748,N,Y,37.501322,-121.934804
New Construction Plan,,Condo/Co-op,Residence 5,Fremont,CA,94539,999900,4,3.5,Apex at Mission Stevenson,1848,,,,541,,Active,,,http://www.redfin.com/CA/Fremont/Apex-at-Mission-Stevenson/Residence-5/home/170305903,NewHomeSource.com,Plan-111737338,N,Y,37.5607943,-121.9587139
New Construction Plan,,Townhouse,Residence 4,Fremont,CA,94538,1043880,3,3.5,Innovation - Fuse,1780,,,,586,,Active,,,http://www.redfin.com/CA/Fremont/Innovation-Fuse/Residence-4/home/147129134,NewHomeSource.com,Plan-111479037,N,Y,37.5019709,-121.9480754
New Construction Plan,,Single Family Residential,Plan 3,Newark,CA,94560,1410000,5,3.0,Primrose at Sanctuary Village,2494,,,,565,,Active,,,http://www.redfin.com/CA/Newark/Primrose-at-Sanctuary-Village/Plan-3/home/167145238,NewHomeSource.com,Plan-111648783,N,Y,37.512673,-121.995374
New Construction Plan,,Single Family Residential,Residence 1,Fremont,CA,94539,2259900,4,4.5,Palm,3355,,,,674,,Active,,,http://www.redfin.com/CA/Fremont/Palm/Residence-1/home/169953177,NewHomeSource.com,Plan-111737333,N,Y,37.5383029,-121.9310005
New Construction Plan,,Single Family Residential,Residence 2,Fremont,CA,94539,2450900,4,4.5,Palm,3621,,,,677,,Active,,,http://www.redfin.com/CA/Fremont/Palm/Residence-2/home/169865609,NewHomeSource.com,Plan-111737332,N,Y,37.5383029,-121.9310005
New Construction Plan,,Single Family Residential,Residence 4,Fremont,CA,94539,2159900,4,4.5,Palm,3895,,,,555,,Active,,,http://www.redfin.com/CA/Fremont/Palm/Residence-4/home/169865610,NewHomeSource.com,Plan-111737330,N,Y,37.5383029,-121.9310005
New Construction Plan,,Single Family Residential,Residence 3,Fremont,CA,94539,2169900,4,4.5,Palm,3621,,,,599,,Active,,,http://www.redfin.com/CA/Fremont/Palm/Residence-3/home/169953178,NewHomeSource.com,Plan-111737331,N,Y,37.5383029,-121.9310005
New Construction Plan,,Single Family Residential,Residence 5,Fremont,CA,94539,2314900,4,4.5,Palm,4021,,,,576,,Active,,,http://www.redfin.com/CA/Fremont/Palm/Residence-5/home/169953179,NewHomeSource.com,Plan-101737329,N,Y,37.5383029,-121.9310005
New Construction Plan,,Single Family Residential,The Verte,Fremont,CA,94539,1464990,3,4.0,Enclave at Mission Falls | A 55+ Community,2260,,,,648,,Active,,,http://www.redfin.com/CA/Fremont/Enclave-at-Mission-Falls-A-55-Community/The-Verte/home/169102930,NewHomeSource.com,Plan-101592917,N,Y,37.4843,-121.92841
New Construction Plan,,Single Family Residential,The Legacy,Fremont,CA,94539,2598000,5,4.5,Orchard Heights,3450,,,,753,,Active,,,http://www.redfin.com/CA/Fremont/Orchard-Heights/The-Legacy/home/160689100,NewHomeSource.com,Plan-101616995,N,Y,37.544632,-121.926464
New Construction Plan,,Townhouse,Plan 5 Live and Work,Fremont,CA,94538,1046990,3,4.0,Boulevard Heights,2126,,,,492,,Active,,,http://www.redfin.com/CA/Fremont/Boulevard-Heights/Plan-5-Live-and-Work/home/169958602,NewHomeSource.com,Plan-101537334,N,Y,37.5358858,-121.9615975
New Construction Plan,,Townhouse,Plan 4 Live and Work,Fremont,CA,94538,1016990,3,3.5,Boulevard Heights,2084,,,,488,,Active,,,http://www.redfin.com/CA/Fremont/Boulevard-Heights/Plan-4-Live-and-Work/home/169958603,NewHomeSource.com,Plan-101537332,N,Y,37.5358858,-121.9615975
New Construction Plan,,Townhouse,Plan 4,Fremont,CA,94538,1016990,3,3.0,Boulevard Heights,1975,,,,515,,Active,,,http://www.redfin.com/CA/Fremont/Boulevard-Heights/Plan-4/home/169868459,NewHomeSource.com,Plan-101537330,N,Y,37.5358858,-121.9615975
New Construction Plan,,Townhouse,Residence 5,Fremont,CA,94536,858880,2,2.5,Centerville Station,1283,,,,669,,Active,,,http://www.redfin.com/CA/Fremont/Centerville-Station/Residence-5/home/169949640,NewHomeSource.com,Plan-101609780,N,Y,37.559522,-122.00255
New Construction Plan,,Townhouse,Residence 4,Fremont,CA,94536,1049880,4,3.5,Centerville Station,1874,,,,560,,Active,,,http://www.redfin.com/CA/Fremont/Centerville-Station/Residence-4/home/169949641,NewHomeSource.com,Plan-101609778,N,Y,37.559522,-122.00255
New Construction Plan,,Townhouse,Plan 1,Fremont,CA,94538,871990,2,2.5,Boulevard Heights,1439,,,,606,,Active,,,http://www.redfin.com/CA/Fremont/Boulevard-Heights/Plan-1/home/169868460,NewHomeSource.com,Plan-101537326,N,Y,37.5358858,-121.9615975
New Construction Plan,,Townhouse,Plan 2,Fremont,CA,94538,926990,3,2.5,Boulevard Heights,1573,,,,589,,Active,,,http://www.redfin.com/CA/Fremont/Boulevard-Heights/Plan-2/home/169958605,NewHomeSource.com,Plan-101537327,N,Y,37.5358858,-121.9615975
New Construction Plan,,Townhouse,Plan 2,Fremont,CA,94536,959990,3,3.0,Renato,1652,,,,581,,Active,,,http://www.redfin.com/CA/Fremont/Renato/Plan-2/home/169868457,NewHomeSource.com,Plan-101537396,N,Y,37.5569356,-122.0081979
New Construction Plan,,Townhouse,Plan 2 EXT,Fremont,CA,94536,949336,3,3.0,Renato,1774,,,,535,,Active,,,http://www.redfin.com/CA/Fremont/Renato/Plan-2-EXT/home/169958601,NewHomeSource.com,Plan-101667036,N,Y,37.5569356,-122.0081979
New Construction Plan,,Townhouse,Residence 3,Fremont,CA,94536,1026880,3,3.5,Centerville Station,1729,,,,594,,Active,,,http://www.redfin.com/CA/Fremont/Centerville-Station/Residence-3/home/169949642,NewHomeSource.com,Plan-101609776,N,Y,37.559522,-122.00255
New Construction Plan,,Townhouse,Plan 1,Fremont,CA,94536,799990,3,3.0,Renato,1436,,,,557,,Active,,,http://www.redfin.com/CA/Fremont/Renato/Plan-1/home/169878452,NewHomeSource.com,Plan-101537395,N,Y,37.5569356,-122.0081979
New Construction Plan,,Condo/Co-op,C-P5,Fremont,CA,94539,1582990,3,3.5,Chancery Lane at Metro Crossing,2600,,,,609,,Active,,,http://www.redfin.com/CA/Fremont/Chancery-Lane-at-Metro-Crossing/C-P5/home/170348615,NewHomeSource.com,Plan-101471452,N,Y,37.501322,-121.934804
New Construction Plan,,Condo/Co-op,C-P4,Fremont,CA,94539,1590990,4,3.5,Chancery Lane at Metro Crossing,2717,,,,586,,Active,,,http://www.redfin.com/CA/Fremont/Chancery-Lane-at-Metro-Crossing/C-P4/home/170348616,NewHomeSource.com,Plan-101471451,N,Y,37.501322,-121.934804
New Construction Plan,,Condo/Co-op,C-P3,Fremont,CA,94539,1652990,3,3.5,Chancery Lane at Metro Crossing,2884,,,,573,,Active,,,http://www.redfin.com/CA/Fremont/Chancery-Lane-at-Metro-Crossing/C-P3/home/170348617,NewHomeSource.com,Plan-101471450,N,Y,37.501322,-121.934804
New Construction Plan,,Condo/Co-op,C-P2,Fremont,CA,94539,1473990,3,3.5,Chancery Lane at Metro Crossing,2465,,,,598,,Active,,,http://www.redfin.com/CA/Fremont/Chancery-Lane-at-Metro-Crossing/C-P2/home/170348618,NewHomeSource.com,Plan-101471449,N,Y,37.501322,-121.934804
New Construction Plan,,Condo/Co-op,C-P1,Fremont,CA,94539,1440990,3,3.5,Chancery Lane at Metro Crossing,2392,,,,602,,Active,,,http://www.redfin.com/CA/Fremont/Chancery-Lane-at-Metro-Crossing/C-P1/home/170348619,NewHomeSource.com,Plan-101471448,N,Y,37.501322,-121.934804
New Construction Plan,,Condo/Co-op,C-9,Fremont,CA,94539,1203990,2,2.0,Chancery Lane at Metro Crossing,1950,,,,617,,Active,,,http://www.redfin.com/CA/Fremont/Chancery-Lane-at-Metro-Crossing/C-9/home/170348620,NewHomeSource.com,Plan-101471443,N,Y,37.501322,-121.934804
New Construction Plan,,Condo/Co-op,C-8,Fremont,CA,94539,1097990,2,2.0,Chancery Lane at Metro Crossing,1678,,,,654,,Active,,,http://www.redfin.com/CA/Fremont/Chancery-Lane-at-Metro-Crossing/C-8/home/170348621,NewHomeSource.com,Plan-101471442,N,Y,37.501322,-121.934804
New Construction Plan,,Condo/Co-op,C-7,Fremont,CA,94539,1628990,3,3.5,Chancery Lane at Metro Crossing,3027,,,,538,,Active,,,http://www.redfin.com/CA/Fremont/Chancery-Lane-at-Metro-Crossing/C-7/home/170348622,NewHomeSource.com,Plan-101471441,N,Y,37.501322,-121.934804
New Construction Plan,,Condo/Co-op,C-6,Fremont,CA,94539,1266990,3,3.0,Chancery Lane at Metro Crossing,1880,,,,674,,Active,,,http://www.redfin.com/CA/Fremont/Chancery-Lane-at-Metro-Crossing/C-6/home/170348623,NewHomeSource.com,Plan-101471440,N,Y,37.501322,-121.934804
New Construction Plan,,Condo/Co-op,C-3,Fremont,CA,94539,1382990,3,3.0,Chancery Lane at Metro Crossing,2305,,,,600,,Active,,,http://www.redfin.com/CA/Fremont/Chancery-Lane-at-Metro-Crossing/C-3/home/170348614,NewHomeSource.com,Plan-101525900,N,Y,37.501322,-121.934804
New Construction Plan,,Condo/Co-op,C-5,Fremont,CA,94539,1092990,2,2.0,Chancery Lane at Metro Crossing,1730,,,,632,,Active,,,http://www.redfin.com/CA/Fremont/Chancery-Lane-at-Metro-Crossing/C-5/home/170348613,NewHomeSource.com,Plan-101471439,N,Y,37.501322,-121.934804
New Construction Plan,,Condo/Co-op,W-2C,Fremont,CA,94539,1059995,2,2.0,Westbourne Park at Metro Crossing,1510,,,,702,,Active,,,http://www.redfin.com/CA/Fremont/Westbourne-Park-at-Metro-Crossing/W-2C/home/170348611,NewHomeSource.com,Plan-101547669,N,Y,37.501322,-121.934804
New Construction Plan,,Condo/Co-op,C-4B,Fremont,CA,94539,1186990,2,2.0,Chancery Lane at Metro Crossing,1886,,,,629,,Active,,,http://www.redfin.com/CA/Fremont/Chancery-Lane-at-Metro-Crossing/C-4B/home/170348624,NewHomeSource.com,Plan-101471438,N,Y,37.501322,-121.934804
New Construction Plan,,Condo/Co-op,C-4A,Fremont,CA,94539,1186990,2,2.0,Chancery Lane at Metro Crossing,1886,,,,629,,Active,,,http://www.redfin.com/CA/Fremont/Chancery-Lane-at-Metro-Crossing/C-4A/home/170348625,NewHomeSource.com,Plan-101471437,N,Y,37.501322,-121.934804
New Construction Plan,,Condo/Co-op,W-2A,Fremont,CA,94539,938995,2,2.0,Westbourne Park at Metro Crossing,1235,,,,760,,Active,,,http://www.redfin.com/CA/Fremont/Westbourne-Park-at-Metro-Crossing/W-2A/home/170213445,NewHomeSource.com,Plan-101547667,N,Y,37.501322,-121.934804
New Construction Plan,,Condo/Co-op,C-2,Fremont,CA,94539,1187990,2,2.0,Chancery Lane at Metro Crossing,1688,,,,704,,Active,,,http://www.redfin.com/CA/Fremont/Chancery-Lane-at-Metro-Crossing/C-2/home/170348612,NewHomeSource.com,Plan-101471436,N,Y,37.501322,-121.934804
New Construction Plan,,Condo/Co-op,C-1B,Fremont,CA,94539,1267990,3,2.0,Chancery Lane at Metro Crossing,1891,,,,671,,Active,,,http://www.redfin.com/CA/Fremont/Chancery-Lane-at-Metro-Crossing/C-1B/home/170348626,NewHomeSource.com,Plan-101471435,N,Y,37.501322,-121.934804
New Construction Plan,,Condo/Co-op,C-1A,Fremont,CA,94539,1103990,2,2.0,Chancery Lane at Metro Crossing,1725,,,,640,,Active,,,http://www.redfin.com/CA/Fremont/Chancery-Lane-at-Metro-Crossing/C-1A/home/170173314,NewHomeSource.com,Plan-101471434,N,Y,37.501322,-121.934804
New Construction Plan,,Condo/Co-op,Plan 4,Fremont,CA,94539,1040996,3,2.5,Theory at Innovation,1712,,,,608,,Active,,,http://www.redfin.com/CA/Fremont/Theory-at-Innovation/Plan-4/home/146530108,NewHomeSource.com,Plan-101616404,N,Y,37.5033632,-121.9441301
New Construction Plan,,Condo/Co-op,N-6,Fremont,CA,94539,862995,2,2.0,Norwood Junction at Metro Crossing,1158,,,,745,,Active,,,http://www.redfin.com/CA/Fremont/Norwood-Junction-at-Metro-Crossing/N-6/home/170348627,NewHomeSource.com,Plan-101471433,N,Y,37.501322,-121.934804
New Construction Plan,,Condo/Co-op,N-4G,Fremont,CA,94539,1014995,2,2.5,Norwood Junction at Metro Crossing,1730,,,,587,,Active,,,http://www.redfin.com/CA/Fremont/Norwood-Junction-at-Metro-Crossing/N-4G/home/170348628,NewHomeSource.com,Plan-101471432,N,Y,37.501322,-121.934804
New Construction Plan,,Condo/Co-op,N-4F,Fremont,CA,94539,1184995,3,2.5,Norwood Junction at Metro Crossing,2109,,,,562,,Active,,,http://www.redfin.com/CA/Fremont/Norwood-Junction-at-Metro-Crossing/N-4F/home/170348629,NewHomeSource.com,Plan-101471431,N,Y,37.501322,-121.934804
New Construction Plan,,Condo/Co-op,N-4D,Fremont,CA,94539,1014995,2,2.5,Norwood Junction at Metro Crossing,1786,,,,568,,Active,,,http://www.redfin.com/CA/Fremont/Norwood-Junction-at-Metro-Crossing/N-4D/home/170348630,NewHomeSource.com,Plan-101471430,N,Y,37.501322,-121.934804
New Construction Plan,,Condo/Co-op,N-4C,Fremont,CA,94539,1184995,3,2.5,Norwood Junction at Metro Crossing,2109,,,,562,,Active,,,http://www.redfin.com/CA/Fremont/Norwood-Junction-at-Metro-Crossing/N-4C/home/170348631,NewHomeSource.com,Plan-101471429,N,Y,37.501322,-121.934804
New Construction Plan,,Condo/Co-op,N-4A,Fremont,CA,94539,1014995,2,2.5,Norwood Junction at Metro Crossing,1786,,,,568,,Active,,,http://www.redfin.com/CA/Fremont/Norwood-Junction-at-Metro-Crossing/N-4A/home/170213446,NewHomeSource.com,Plan-101471428,N,Y,37.501322,-121.934804
New Construction Plan,,Single Family Residential,The Regent,Fremont,CA,94539,2418000,4,4.5,Orchard Heights,3434,,,,704,,Active,,,http://www.redfin.com/CA/Fremont/Orchard-Heights/The-Regent/home/146217655,NewHomeSource.com,Plan-101525888,N,Y,37.544632,-121.926464
New Construction Plan,,Condo/Co-op,N-3,Fremont,CA,94539,973995,2,2.5,Norwood Junction at Metro Crossing,1608,,,,606,,Active,,,http://www.redfin.com/CA/Fremont/Norwood-Junction-at-Metro-Crossing/N-3/home/170348632,NewHomeSource.com,Plan-101471427,N,Y,37.501322,-121.934804
New Construction Plan,,Condo/Co-op,N-2F,Fremont,CA,94539,1043995,3,2.0,Norwood Junction at Metro Crossing,1590,,,,657,,Active,,,http://www.redfin.com/CA/Fremont/Norwood-Junction-at-Metro-Crossing/N-2F/home/170348633,NewHomeSource.com,Plan-101471426,N,Y,37.501322,-121.934804
New Construction Plan,,Single Family Residential,The Fig,Fremont,CA,94539,1599000,4,3.5,The Abbey,2273,,,,703,,Active,,,http://www.redfin.com/CA/Fremont/The-Abbey/The-Fig/home/148603410,NewHomeSource.com,Plan-101322676,N,Y,37.5352784,-121.9229792
New Construction Plan,,Condo/Co-op,N-2E,Fremont,CA,94539,1054995,3,2.0,Norwood Junction at Metro Crossing,1634,,,,646,,Active,,,http://www.redfin.com/CA/Fremont/Norwood-Junction-at-Metro-Crossing/N-2E/home/170348634,NewHomeSource.com,Plan-101471425,N,Y,37.501322,-121.934804
New Construction Plan,,Single Family Residential,The Sterling,Fremont,CA,94539,2388000,4,4.5,Orchard Heights,3499,,,,682,,Active,,,http://www.redfin.com/CA/Fremont/Orchard-Heights/The-Sterling/home/147696640,NewHomeSource.com,Plan-101562285,N,Y,37.544632,-121.926464
New Construction Plan,,Condo/Co-op,N-1,Fremont,CA,94539,878995,2,2.0,Norwood Junction at Metro Crossing,1265,,,,695,,Active,,,http://www.redfin.com/CA/Fremont/Norwood-Junction-at-Metro-Crossing/N-1/home/170348635,NewHomeSource.com,Plan-101471424,N,Y,37.501322,-121.934804
Redfin Data,,Townhouse,4051 Sunset Ter,Fremont,CA,94536,948000,3,2.5,Fremont,1689,2466,1989,1,561,190,Pre On-Market,,,http://www.redfin.com/CA/Fremont/4051-Sunset-Ter-94536/home/1135518,Coming Soon,48775,N,Y,37.5668218,-122.026163
Redfin Data,,Single Family Residential,33462 Bronco Loop,Fremont,CA,94555,2190000,4,4.5,Fremont,3402,5400,2016,2,644,154,Pre On-Market,,,http://www.redfin.com/CA/Fremont/33462-Bronco-Loop-94555/home/95474175,Coming Soon,48702,N,Y,37.5652681,-122.0650788
Redfin Data,,Condo/Co-op,3479 Pennsylvania Cmn,Fremont,CA,94536,639000,2,2.0,Fremont,944,99999999,1981,5,677,390,Pre On-Market,,,http://www.redfin.com/CA/Fremont/3479-Pennsylvania-Cmn-94536/home/2023536,Coming Soon,48651,N,Y,37.552909,-121.987243
Redfin Data,,Single Family Residential,37253 Dutra Way,Fremont,CA,94536,850000,3,2.0,Fremont,1341,5429,1951,7,634,,Pre On-Market,,,http://www.redfin.com/CA/Fremont/37253-Dutra-Way-94536/home/1271684,Coming Soon,48553,N,Y,37.547067,-122.0178807
Redfin Data,,Townhouse,Liberty St,Fremont,CA,94538,979000,3,2.5,Fremont,1637,48451,1998,7,598,210,Pre On-Market,,,http://www.redfin.com/CA/Fremont/Liberty-St-94538/home/1122155,Coming Soon,48547,N,Y,37.545269,-121.973184
